cov_model_U4,GCA_018397975.1,Asparagopsis_taxiformis,Bonnemaisoniaceae,NO HIT,0,NA,NA,NA,NA,NA,Rhodophyta,Florideophyceae,Bonnemaisoniales
cov_model_U4,GCA_018397975.1,Asparagopsis_taxiformis,Bonnemaisoniaceae,HIT,1,1.5e-17,AGTTGGGCAATATATAGGAGTCGAGTCAAACAAGAAACATAAAGCTCTCTCTTTTAATCACCACTGCCTTTCCTGCATTGAAAGCTCAGTCTTTTTGGAACTAATCGAATGAAAAATAATTATAAGTCTCTTATAACTGGAGCGGACCCATAAGTCAAAAGACTCTGAGGGCATATAAGAAGAACTGAGAAGGACTGGAGCACCTTGCGCAGGGGCATCATCATATAAGTGAAGGTTTCTGATATATGATTTTTGCTGATTGAAAACTACTCCAATGAGTAGAAGCTGCCCTCGGGTGGCTCTCAATTTCTGGAAAGGCCGTGAGGCCTCTTCAATTAAACAAAATAAAACTTTCTATCCTTTGTATACTCAAATCAAATCATTTCGAGGTTTAAGTTGCCTCTTTCTTTTCTATGATTTCAATCTTCGATCCATTATTATTTAGAGGATCATTTTCCACTAACTTTCGAAGAGTAGGTTTCCCCGTTGAAGGAGATCTTCTTTTTGTGGACCATTTTCTTGAGGATT,CACCUUGCGCAGGGGCAUCAUCAU-AUAAGUGAAGGUU-UCUGAUAUAUGAUUUUUGCUGAUUGAAAACUACU.C-CAAUGAGUAGAAGCUGCC---CUCG---GGUGGCU-CUCAAUUUCUGGAAAGGCCGU.............GAGGCC,":::::::::::::::::::<<<<<-<<<-----<<<___>>>-->>>>>>>>,,,,,,,,,,,,,,,,,,,,,.,,,,,,,,,,<<<<<<<<<<<<<____>>>>>>>>>>->>>,,,,,,,,,,,,<<<<__.............__>>>>",JAAEFE010000827.1,Rhodophyta,Florideophyceae,Bonnemaisoniales
cov_model_U4,GCA_018397975.1,Asparagopsis_taxiformis,Bonnemaisoniaceae,HIT,2,6.5e-17,AAAGCAGCATCATTGCTAAACATGAATTTTTCTAAAGCCGAACTGAAAAGCACACCGAACCCACGCATCAAATACAGAAAATGCACCTCGAACCACACAGGTTAGCCCATAAAAAATTATAGGTCTCTTATAAATATGGCTGTAACCTGGAAGTGGTGCCTGACCTGGTGCTACATAAGAACTCAAATCGGATGAGCTGGCACCTTGCGCAGGGGCAATACTATATAAGTGAAGGTTACTGATATATAGTTTTTGCTGATTGAAAACTACTCCAATAAGTAGTTGTACCCCTCGGGGTGCGCTCAATTTCTGGAAAGGCAAACGCCTTCTTTCCCTAAACAAAAGCAATATTATTACCATAAATATACACACTGGCCGAATGGTCAGCTCTTATTATCATCACCGCCTGAACGACTTCCACCCCAAGGAGGTGTCATTGGTCATCCGGGTCTTATTGTCCTTGCTGCGGTAGGTGCGGGTCACAAAACTACGCTTTCTGGTCACCTATGGGATGATGGCCAGGGAGA,CACCUUGCGCAGGGGCAAUACUAU-AUAAGUGAAGGUU-ACUGAUAUAUAGUUUUUGCUGAUUGAAAACUACU.C-CAAUAA--GU-AGUUGUACCCCUCGGGGUGCG----CUCAAUUUCUGGAA-AGGCAA.............ACGCCU,":::::::::::::::::::<<<<<-<<<-----<<<___>>>-->>>>>>>>,,,,,,,,,,,,,,,,,,,,,.,,,,,,,,,,<<<<<<<<<<<<<____>>>>>>>>>>->>>,,,,,,,,,,,,<<<<__.............__>>>>",JAAEFE010006705.1,Rhodophyta,Florideophyceae,Bonnemaisoniales
cov_model_U4,GCA_018397975.1,Asparagopsis_taxiformis,Bonnemaisoniaceae,HIT,3,6.2e-8,TTTCCGTAGCATTAGAAGTGTTTAAAAGGCGATGGGTCGGCATAAACGAAAGACTATGGTCATGATCTGCATTCAGCTGTATGTAGCAGGCCCATAATAGCTGGACGCAAAGAAATGGAATAAATCAAAATTTCCTGGCCGGTAGCACATGAATATAAACCAAGTGCTGCACGGCTATTGTATGCCTTCTCCTTCTCGGCATTCTTGCGCTAGGAATTTGCCTGCTCCATGACGCTTTGCGGAGAGCCGGCATTGCCGATTGCAACCTAACAATCGTAATGCGCTGTCCTTCGTGACAGCAATTTTTGTTCACTTCTCCCAATCGCCGGTCTTGATGTTTCTTTGTCTCCTCTTGTTTATCACAGGATTCATGTACGGAGATTGGACTCACGCGACGTTCGGACCTCCCGGAAGGATCTTGGTACTATTGAGGCTAGGCATAGACATTCTAGTAAAAGAAACTGCCAGGAATAGAATTTGCGAAAGAACCACTTGTATCCGTGTGTCTGGAGAAACCTAGATGTCCACAAAAAAAAC,AUUCUUGCGCUAGGAAUUUGCCUG-CUCCAUGACGCUUUGCGGAGAGCCGGC-AUUGCCGAUUGCAACCUAACaAUCGUAAUGCGCUGUC------CUUCGU------GAC-AGCAAUUUUUGUUCACUUCUCccaaucgccggucUUGAUG,":::::::::::::::::::<<<<<-<<<-----<<<___>>>-->>>>>>>>,,,,,,,,,,,,,,,,,,,,,.,,,,,,,,,,<<<<<<<<<<<<<____>>>>>>>>>>->>>,,,,,,,,,,,,<<<<__.............__>>>>",JAAEFE010000054.1,Rhodophyta,Florideophyceae,Bonnemaisoniales
cov_model_U4,GCA_018397975.1,Asparagopsis_taxiformis,Bonnemaisoniaceae,MAYBE,1,0.43,NA,NA,NA,JAAEFE010005784.1,Rhodophyta,Florideophyceae,Bonnemaisoniales
cov_model_U4,GCA_018397975.1,Asparagopsis_taxiformis,Bonnemaisoniaceae,MAYBE,2,0.95,NA,NA,NA,JAAEFE010000710.1,Rhodophyta,Florideophyceae,Bonnemaisoniales
cov_model_U4,GCA_018397975.1,Asparagopsis_taxiformis,Bonnemaisoniaceae,MAYBE,3,1.4,NA,NA,NA,JAAEFE010006401.1,Rhodophyta,Florideophyceae,Bonnemaisoniales
cov_model_U4,GCA_018397975.1,Asparagopsis_taxiformis,Bonnemaisoniaceae,MAYBE,4,1.5,NA,NA,NA,JAAEFE010001413.1,Rhodophyta,Florideophyceae,Bonnemaisoniales
cov_model_U4,GCA_018397975.1,Asparagopsis_taxiformis,Bonnemaisoniaceae,MAYBE,5,2,NA,NA,NA,JAAEFE010000934.1,Rhodophyta,Florideophyceae,Bonnemaisoniales
cov_model_U4,GCA_018397975.1,Asparagopsis_taxiformis,Bonnemaisoniaceae,MAYBE,6,2.7,NA,NA,NA,JAAEFE010007067.1,Rhodophyta,Florideophyceae,Bonnemaisoniales
cov_model_U4,GCA_018397975.1,Asparagopsis_taxiformis,Bonnemaisoniaceae,MAYBE,7,3.4,NA,NA,NA,JAAEFE010003901.1,Rhodophyta,Florideophyceae,Bonnemaisoniales
cov_model_U4,GCA_018397975.1,Asparagopsis_taxiformis,Bonnemaisoniaceae,MAYBE,8,4.1,NA,NA,NA,JAAEFE010000840.1,Rhodophyta,Florideophyceae,Bonnemaisoniales
cov_model_U4,GCA_018397975.1,Asparagopsis_taxiformis,Bonnemaisoniaceae,MAYBE,9,5.4,NA,NA,NA,JAAEFE010002878.1,Rhodophyta,Florideophyceae,Bonnemaisoniales
cov_model_U4,GCA_018397975.1,Asparagopsis_taxiformis,Bonnemaisoniaceae,MAYBE,10,5.6,NA,NA,NA,JAAEFE010000008.1,Rhodophyta,Florideophyceae,Bonnemaisoniales
cov_model_U4,GCA_018397975.1,Asparagopsis_taxiformis,Bonnemaisoniaceae,MAYBE,11,6.4,NA,NA,NA,JAAEFE010001485.1,Rhodophyta,Florideophyceae,Bonnemaisoniales
cov_model_U4,GCA_018397975.1,Asparagopsis_taxiformis,Bonnemaisoniaceae,MAYBE,12,7,NA,NA,NA,JAAEFE010003165.1,Rhodophyta,Florideophyceae,Bonnemaisoniales
cov_model_U4,GCA_018397975.1,Asparagopsis_taxiformis,Bonnemaisoniaceae,MAYBE,13,7.7,NA,NA,NA,JAAEFE010000809.1,Rhodophyta,Florideophyceae,Bonnemaisoniales
cov_model_U4,GCA_018397975.1,Asparagopsis_taxiformis,Bonnemaisoniaceae,MAYBE,14,8,NA,NA,NA,JAAEFE010002170.1,Rhodophyta,Florideophyceae,Bonnemaisoniales
cov_model_U4,GCA_018397975.1,Asparagopsis_taxiformis,Bonnemaisoniaceae,MAYBE,15,8.6,NA,NA,NA,JAAEFE010003952.1,Rhodophyta,Florideophyceae,Bonnemaisoniales
