cov_model_MRP,GCA_018397975.1,Asparagopsis_taxiformis,Bonnemaisoniaceae,NO HIT,0,NA,NA,NA,NA,NA,Rhodophyta,Florideophyceae,Bonnemaisoniales
cov_model_MRP,GCA_018397975.1,Asparagopsis_taxiformis,Bonnemaisoniaceae,HIT,1,1.1e-21,TTTTTCCAATTTCAAAAATAGTTTCGAAATATGGCGAATAGTAGTGCGACAGGTAGCAAATCTCCGCCGCCGCCCGCGCGAAAGTTGTGGCCGTGTCAGAGGGAACGAATAGCGCTGTCGGTGATGGCTTTGTCGCCGAGCGACTTGATTCCTGCACTATAAAAAGGCCGGATGGGCAGCCACCTCACTACATTTCCGGCAGACTCGGGAAAGCAGTCATCTCGGAGTTGAACACACTGGGAAGCCCGTCCGCGGGAGCTTCTCTACAGAACGTTAAGGACGCGCCAGCGTCCTACTCTGGGCGAAAGTCCCCGGATACATGAGCAGAAAGTGCGGGCCCTAGCGGTCAAATCCTCTGGTCGAGTGCGTTTCTTTGGCGGAGATGGCAGAGCCGGAGCCATGACGATTCGCAGAGCTTCTAATCATGGATTGAAAAGTTATGGACTGAATGCGTTGACGGTAAGTAACACTCATCAAGATCACCACGCTTTTGGCTATGAGGATTAACAGCCATTGTGCTGCTCCAGTCTTAAAGACATAGGCCCACTATTAACTCCCCGGGTCGAGTTGAGGAAAACGCACGTCAGTCTGAGCCATGTGAGACATGCCCGGTATTCACAAACTAACATTGATCTCTATTAACCTTTTGTGCGAGTGGTATCGGATAGAATGTGACTTCACGACATAGACGTCAGACTTAGTAATAGGTTGCGCATAAACAGAATGGGGCTCACTCTTCCCGAGGCTCTCGTGATAACCATATTGTCAATATGTTAGGTTGTTGTCGTAGAGTGCATAGATACGATGTTTGTTGCGTCAGACAGTAGAATTGTATGTGCGAAAACAATTTGAAATAATTGTCGGCTACGCAACGATCTCCGCGAGTGTGGCCTACGGATTTGCGCCCACTTGCGAAACTATGCGCCTCCGAAACGCAATCAATCTC,AGACUCGGGAAAGCAGUCAUCUCGGAGUUgAACACACUGGGAAGCCCGuccgcgggAGCUUCUCuacagaacguuaaggacgcgcCAGCGUCCUACUCUGgGCGAAAGUCCCCGGAUACAUGAGCAGAAAGUGCG--GGCC-CUAGCGGUC--AAAUCCUCUGguCGAGUGCGUUucuuUGGCGGAGAUGGCAG--AGCCGGAGCCAUGACGaUUCGCAGaGCUUCUAAUCAUGgAUUGAAAAGUUAUGGACUGAAUGCGUUGACGGUAaguaacacucaucaagaucaccacgcuuuuggcuaugaggauuaacagccauugugcugcuccagucuuaaagacauaggcccacuauuaacuccccgggucgaguugaggaaaacgcacgucagucugagccaugugagacaugcccgguauucacaaacuaacauugaucucuauuaaccuuuugugcgagugguaucggauagaaugugacuucacgacauagacgucagacuuaguaauagguUGCGCAUAAACAGAAUGGGGCUCACUCUUCCCGAGGC,":[[[[[[[[[[,,((((((,,<<<<<<<-.--------<<<<<<<___........_>>>>>>>.....................--------->>>>>>.>,,,,,,,,,,,,,,,,,,,,<<<<_____>>>><<<<<<______>>>>>>,<<<---<<<..<<<---<<<<....<<<<------<<<<___>>>>--->>>>->>>>.->>>>>>.->>>,,,,,,,,,.,,,,,,,,,,,,,)))))),<<<<<<________......................................................................................................................................................................................................................................................._>>>>>>,,,,,,,,,,,,,,,,,,,,]]]]]]]]]]",JAAEFE010000289.1,Rhodophyta,Florideophyceae,Bonnemaisoniales
cov_model_MRP,GCA_018397975.1,Asparagopsis_taxiformis,Bonnemaisoniaceae,MAYBE,1,0.038,NA,NA,NA,JAAEFE010007137.1,Rhodophyta,Florideophyceae,Bonnemaisoniales
cov_model_MRP,GCA_018397975.1,Asparagopsis_taxiformis,Bonnemaisoniaceae,MAYBE,2,0.12,NA,NA,NA,JAAEFE010000491.1,Rhodophyta,Florideophyceae,Bonnemaisoniales
cov_model_MRP,GCA_018397975.1,Asparagopsis_taxiformis,Bonnemaisoniaceae,MAYBE,3,0.25,NA,NA,NA,JAAEFE010000321.1,Rhodophyta,Florideophyceae,Bonnemaisoniales
cov_model_MRP,GCA_018397975.1,Asparagopsis_taxiformis,Bonnemaisoniaceae,MAYBE,4,0.6,NA,NA,NA,JAAEFE010007964.1,Rhodophyta,Florideophyceae,Bonnemaisoniales
cov_model_MRP,GCA_018397975.1,Asparagopsis_taxiformis,Bonnemaisoniaceae,MAYBE,5,1.6,NA,NA,NA,JAAEFE010006467.1,Rhodophyta,Florideophyceae,Bonnemaisoniales
cov_model_MRP,GCA_018397975.1,Asparagopsis_taxiformis,Bonnemaisoniaceae,MAYBE,6,2.4,NA,NA,NA,JAAEFE010001424.1,Rhodophyta,Florideophyceae,Bonnemaisoniales
cov_model_MRP,GCA_018397975.1,Asparagopsis_taxiformis,Bonnemaisoniaceae,MAYBE,7,2.6,NA,NA,NA,JAAEFE010000100.1,Rhodophyta,Florideophyceae,Bonnemaisoniales
cov_model_MRP,GCA_018397975.1,Asparagopsis_taxiformis,Bonnemaisoniaceae,MAYBE,8,2.7,NA,NA,NA,JAAEFE010007869.1,Rhodophyta,Florideophyceae,Bonnemaisoniales
cov_model_MRP,GCA_018397975.1,Asparagopsis_taxiformis,Bonnemaisoniaceae,MAYBE,9,3,NA,NA,NA,JAAEFE010000349.1,Rhodophyta,Florideophyceae,Bonnemaisoniales
cov_model_MRP,GCA_018397975.1,Asparagopsis_taxiformis,Bonnemaisoniaceae,MAYBE,10,6.7,NA,NA,NA,JAAEFE010000971.1,Rhodophyta,Florideophyceae,Bonnemaisoniales
