cov_model_MRP,GCA_002049455.2,Porphyra_umbilicalis,Bangiaceae,NO HIT,0,NA,NA,NA,NA,NA,Rhodophyta,Bangiophyceae,Bangiales
cov_model_MRP,GCA_002049455.2,Porphyra_umbilicalis,Bangiaceae,HIT,1,7.1e-11,AAGGGCAGTGAAACAAAGTTTCGCACGGTGTGCAGTTTGACCGCTCTTTGTAAACTGTTTGTGTGGTGTTTCCTGGGGGACTTTGTCGGCCAATCCATGTCGGCGCGAAAGGGTAGAAGTTGGAAGGCGACATCAATGATGGCGGCGCCATCAGCGACGACGGCTGTCAGACAGTGCGAGCATCGGGCTTAGGCGGGAGGGGGCACGCCGAAGCAACTCTACGGAGCAGCAACACACGGGCTGGCGCCCTTAGCGCCCCGCCATGAGGTAGCCGTGCTACCCGACCATGCTCTGGGCGAAAGTCCCCGGATCACGCGGCAGCAAGTGCCACTCAGGAAACGCGTGCCTCCTGCCATAATGGAGTACCTTGTCATGGGGGTGGCTGGAATCCTCTTCCCCCCTGTGGCCTGCGACGACGCGGTTTCGTCACTCTGCTCGAACCGAGGTGGGAGCAGAGCCGTGCCGCGGAGCAGACTATAGGTTTCCAGCCAGGAGGTTATCCATTATCGATGAGATATGGGATGAACTGGTTGCTCTGGTTGCTGTCAAGGTATGTTCACTGCGAACTCTCATGCTACAAACTTGGTGATCTGGGATATGATGCGAAAACCACGCATCAACGCATTCTATGTGCCGCTCCAGACTGATTGAACGAGCGCTCCGTTGCGCTCTATGTTGAGAACTCGCTCGTCAGTCTGATCGCAGACACCCCCCGCCACGCCGCTCACGTGCTGTGCGATTCTTTCCTCCTCTGCTCGAGTGACTTTCTCATGTTCCGCTCATCAGCTTGTACCATGTCTGCGCCTTGCCGCCTGTTTACTTGGCCGAGCTGGTCGTGGTGGTTTGTCTGGCGCTTTCCCTTCCTACGTATTGTACATGTATGTCCAGCATGGCCAGCATACCCGTCAACACAATGGGGCTTACTCTTGGGGTGCCTCCCCTCGCATGTCGCCATGTACGCCTCGTCGTCTTCGTCGCCAGCACTCTAGTCATTTCCAACAACGATTCCCCCCAAAACGCGTACCTATCCGCTCAGGAGGGTGCCAACAGCATGTTATCTTTGCTTCTTTTGTTCCTGGCTGCTTACAACCATATCTTCACGAACAAGACCATACGGCACAGTTCTCTCTTGCGCC,GGGCACGCCGAAGCAA--CUCUaCGGAGCAgcAACACACGGGCUGGCGCCcuuagcgccccgccaugagguagccgUGCUACCC---GACCAUGCUCUG.GGcGAAAGUCCCCGGAUCACGCGGCAGCAAGUGCCacucaggaaacgcgugccuccugccauaauggaguaccuugucauggggguggcuggaauccucuuccccccuguggccugcgacgacgcgguuucgucacucugcucgaaccgaggugggagcagagccgugccgcggagcaga..................................cuauagguuuccagccaggagguuauccauuaucgaugagauaugggaugaacugguugcucugguugcugucaagguauguucacugcgaacucucaugcuacaaacuuggugaucugggauaugaugcgaaaaccacgcauca-----------....-------acgcauucuaugugccgcuccagacugauugaacgagcgcuccguugcgcucuauguugagaacucgcucgucagucugaucgca......................................................................gacaccccccgccacgccgcucacgugcugugcgauucuuuccuccucugcucgagugacuuucucauguuccgcucaucagcuug--------------------.....----------uaccaugucugc.........................................................................................................................gccuugccgccuGUUUACUUGGCCGAGCUGGu....cGUGGUGGUUUG----..........--UCUGGCGcUUUCCCUUCCUACG.UAUUGUACAUGUAUGUCCAGcaugg..ccagcaUACCCGUCAACACAAUGGGGCUUACUCUUGGGGUGCC,":[[[[[[[[[[,,((((((,,<.<<<<<<-..--------<<<<<<<___.........................._>>>>>>>--------->>>>>>.>,.,,,,,,,,,,,,,,,,,,,<<<<_____>>>>....................................................................................................................................................................................................................................................................................................................................<<<<<<_____...._>>>>>>.................................................................................................................................................................................................................................................,<<<---<<<<<<---<<<<.....<<<<------.................................................................................................................................................<<<<___>>>>--->>>>-......>>>>->>>>>>->>>..........,,,,,,,,,.,,,,,,,,,,,,,).))))),<<<<<<________............._>>>>>>,,,,,,,,,,,,,,,,,,,,]]]]]]]]]]",KV918825.1,Rhodophyta,Bangiophyceae,Bangiales
cov_model_MRP,GCA_002049455.2,Porphyra_umbilicalis,Bangiaceae,HIT,2,3.5e-10,ACAGGCCGTGAAACAAAGCTTTGCACGGCGTGCAGTTTGACCGCTCTTTGTAAACTGTTTATATGTTGTTCCCTGGGGGACTTTGTCGGCCAATCCATGTCGGCGCGAAAGGGTAGGAGTTGGAAGGCGACATCAACGATGGCGGCGCAATCGGCGACGACGGCTGTCAGACAGTGCGAGCATCGGGCTTAGGCGGGAGGGGGCACGCCGAAGCATCTCTACGGAGCAGCAACACACGGGCTGGCGCCCTTAGCGCCCCGCCATGAGGTAGCCGTGCTACCCGACCATGCTCTGGGCGAAAGTCCCCGGATCACGCGGCAGCAAGTGCCACTCAGGAAACGGGTGCCTCCTGCCATAATGGAGTACCTTGTCATGGGGGTGGCGGGAATCCTCTTCCCCCCTGTGGCCTGCGACGACGCGGCTTCGTCGCTCTGCTCGCACCGAGGTGGGAGCAGAGCCGTGCCGCGGAGCAGACTATAGGTTTCCAGCCAGGAGGTTATCGATTATCGATGAGATATGGGATGAACTGGTTGCTCTGGTTGCTCTCAAGGTATGTTCACTGCGAACTCTCATGCTACAAACGTGGTGATCTAGGATATGATGCGAGAACCACGCATCAACACATTCTATGTGCCGCTCCAGACTGATTGAACGAGCGCTGCGTTGCGCTCTATGTTGAGAACTCGCACGTCAGGCTGATCCCAGACACACCCCGCCACGCCGCTCACGTGTTGTGCGATTCTTTCCTCCCCTGCTCGAGTGACTTACTCCTGTTCCGCTTTCCAGCTTGTACCATGTCTGCGCCTTGCTGCCTGTTTACTTGTCCAAGCTGGTTGTGGTGGTTTGTCTGGCGCTTTCCCTTCCTACGTATTGTACATGTATGTCCAGCATGGCCAGCGCACCCGTCAACACAATGGGGCTTACTCTTGGGGTGCCTGCCCTCGCATGTCGCCATGTACGCCTCGTCGTCTTCGTCGTCATCACTCTAGTCATTTCCAACGACGATTCCCCCCAAAACGTGTACCTATCCGCTCAGGAGGGTGCTAACAGCAAGTGATCTTTGCTTCTTTTGTTCCTGGCTGCTTACAACCATATCTTCACGAACAAGACCATACGGCACAGTTCTCTCTTGCGCC,GGGCACGCCGAAGCAUCUCU-A.CGGAGCAgcAACACACGGGCUGGCGCCcuuagcgccccgccaugagguagccgUGCUACCC---GACCAUGCUCUG.GGcGAAAGUCCCCGGAUCACGCGGCAGCAAGUGCCacucaggaaacgggugccuccugccauaauggaguaccuugucauggggguggcgggaauccucuuccccccuguggccugcgacgacgcggcuucguc.............................................................................................................................gcucugcucgcaccgaggugggagcagagccgugccgcggagcagacuauagguuuccagccaggagguuaucgauuaucgaugagauaugggaugaacu-----------....-------gguugcucugguugcucucaagguauguucacugcgaacucucaugcuacaaacguggugaucuaggauaugaugcgagaaccacgcaucaacacauucuaugugccgcuccagacugauugaacgagcgcugcguugcgcucuauguugagaacucgcacgucaggcugaucccagacacaccccgccacgccgcucacguguugugcgauucuuuccuccccugcucgagugacuuacu--------------------.....----------ccuguuccgcuuuccagcuuguacca.............................................................................................ugucugcgccuugcugccuguuuacu-------UGUCCAAGCUGGu....uGUGGUGGUUUGUCUGgcgcuuucccUUCCUACGU.AUUGUACAUGUAU-.--------------GUCCAGcaugg..ccagcgCACCCGUCAACACAAUGGGGCUUACUCUUGGGGUGCC,":[[[[[[[[[[,,((((((,,<.<<<<<<-..--------<<<<<<<___.........................._>>>>>>>--------->>>>>>.>,.,,,,,,,,,,,,,,,,,,,<<<<_____>>>>....................................................................................................................................................................................................................................................................................................................................<<<<<<_____...._>>>>>>.................................................................................................................................................................................................................................................,<<<---<<<<<<---<<<<.....<<<<------.................................................................................................................................................<<<<___>>>>--->>>>-......>>>>->>>>>>->>>..........,,,,,,,,,.,,,,,,,,,,,,,).))))),<<<<<<________............._>>>>>>,,,,,,,,,,,,,,,,,,,,]]]]]]]]]]",KV918832.1,Rhodophyta,Bangiophyceae,Bangiales
cov_model_MRP,GCA_002049455.2,Porphyra_umbilicalis,Bangiaceae,HIT,3,3.6e-10,ACGGGCCGTGAAACAAAGCTTTGCACGGCGTGCAGTTTGACCGCTCTTTGTAAACTGTTTATATGTTGTTCCCTGGGGGACTTTGTCGGCCAATCCATGTCGGCGCGAAAGGGTAGGAGTTGGAAGGCGACATCAAGGATGGCGGCGCAATCGGCGACGACGGCTGTCAGACAGTGCGAGCATCGGGCTTAGGCGGGAGGGGGCACGCCGAAGCATCTCTACGGAGCAGCAACACACGGGCTGGCGCCCTTAGCGCCCCGCCATGAGGTAGCCGTGCTACCCGACCATGCTCTGGGCGAAAGTCCCCGGATCACGCGGCAGCAAGTGCCACTCAGGAAACGGGTGCCTCCTGCCATAATGGAGTACCTTGTCATGGGGGTGGCGGGAATCCTCTTCCCCCTGTGGCCTGCGACGACGCGGCTTCGTCGCTCTGCTCGCACCGAGGTGGGAGCAGAGCCGTGCCGCGGAGCAGACTATAGGTTTCCAGCCAGGAGGTTATCGATTATCGATGAGATATGGGATGAACTGGTTGCTCTGGTTGCTCTCAAGGTATGTTCACTGCGAACTCTCATGCTACAAACGTGGTGATCTGGGATATGATGCGAGAAACACGCATCAACACATTTTATGTGCCGCTCCAGACTGATTGAATGAGCGCTGCGTTGCGCTCTATGTTGAGAACTCGCACGTCAGGCTGATCCCAGACACACCCCGCCACGCCGCTCACGTGTTGTGCGATTCTTTCCTCCCCTGCTCGAGTGACTTACTCCTGTTCCGCTTTCCAGCTTGTACCATGTCTGCGCCTTGCTGCCTGTTTACTTGGCCAAGCTGGTTGTGGTGGTTTGTCTGGCGCTTTCCCTTCCTACGTACTGTACATGTATGTCCAGCATGGCCAGCGCACCCGTCAACACAATGGGGCTTACTCTTGGGGTGCCTCCCCTCGCATGTCGCCATGTACGCCTCGTCGTCTTCGTCGTCATCACTCTAGTCATTTCCAACGACGATTCCCCCCAAAACGTGTACCTATCCGCTCAGGAGGGTGCCAACAGCAAGTGATCTTTGCTTCTTTTGTTCCTGGCTGCTTACAACCATATCTTCACGAACAAGACCATACGGCACAGTTCTCTCTTGCGCC,GGGCACGCCGAAGCAUCUC--UaCGGAGCAgcAACACACGGGCUGGCGCCcuuagcgccccgccaugagguagccgUGCUACCC---GACCAUGCUCUG.GGcGAAAGUCCCCGGAUCACGCGGCAGCAAGUGCCacucaggaaacgggugccuccugccauaauggaguaccuugucauggggguggcgggaauccucuucccccuguggccugcgacgacgcggcuucgucgcucugcucgc.........................................................................................................accgaggugggagcagagccgugccgcggagcagacuauagguuuccagccaggagguuaucgauuaucgaugagauaugggaugaacugguugcucugguugcucucaa-----------....-------gguauguucacugcgaacucucaugcuacaaacguggugaucugggauaugaugcgagaaacacgcaucaacacauuuuaugugccgc.................................................................uccagacugauugaaugagcgcugcguugcgcucuauguugagaacucgcacgucaggcugaucccagacacaccccgccacgccgcu--------------------.....----------cacguguugugcgauucuuuccuccccugcucgagugacuuacuccug................................................uuccgcuuuccagcuuguaccaugucugcgccuugcugccuguuuacuu-GGCCAAGCUGGUUGUGGU......GGUUUGUCUGGCGCUuu.....cccUUCCUACGU.ACUGUACAUGUAU-.--------------GUCC--agcauggccagcgCACCCGUCAACACAAUGGGGCUUACUCUUGGGGUGCC,":[[[[[[[[[[,,((((((,,<.<<<<<<-..--------<<<<<<<___.........................._>>>>>>>--------->>>>>>.>,.,,,,,,,,,,,,,,,,,,,<<<<_____>>>>....................................................................................................................................................................................................................................................................................................................................<<<<<<_____...._>>>>>>.................................................................................................................................................................................................................................................,<<<---<<<<<<---<<<<.....<<<<------.................................................................................................................................................<<<<___>>>>--->>>>-......>>>>->>>>>>->>>..........,,,,,,,,,.,,,,,,,,,,,,,).))))),<<<<<<________............._>>>>>>,,,,,,,,,,,,,,,,,,,,]]]]]]]]]]",KV919015.1,Rhodophyta,Bangiophyceae,Bangiales
cov_model_MRP,GCA_002049455.2,Porphyra_umbilicalis,Bangiaceae,HIT,4,4.1e-10,ACGGGCCGTGAAACAAAGCTTTGCACGGCGTGCAGTTTGACCGCTCTTTGTAAACTGTTTATATGTTGTTCCCTGGGGGACTTTGTCGGCCAATCCATGTCGGCGCGAAAGGGTAGGAGTTGGAAGGCGACATCAAGGATGGCGGCGCAATCGGCGACGACGGCTGTCAGACAGTGCGAGCATCGGGCTTAGGCGGGAGGGGGCACGCCGAAGCATCTCTACGGAGCAGCAACACACGGGCTGGCGCCCTTAGCGCCCCGCCATGAGGTAGCCGTGCTACCCGACCATGCTCTGGGCGAAAGTCCCCGGATCACGCGGCAGCAAGTGCCACTCAGGAAACGGGTGCCTCCTGCCATAATGGAGTACCTTGTCATGGGGGTGGCGGGAATCCTCTTCCCCCCTGTGGCCTGCGACGACGCGGCTTCGTCGCTCTGCTCGCACCGAGGTGGGAGCAGAGCCGTGCCGCGGAGCAGACTATAGGTTTCCAGCCAGGAGGTTATCGATTATCGATGAGATATGGGATGAACTGGTTGCTCTGGTTGCTCTCAAGGTATGTTCACTGCGAACTCTCATGCTACAAACGTGGTGATCTGGGATATGATGCGAGAAACACGCATCAACACATTTTATGTGCCGCTCCAGACTGATTGAATGAGCGCTGCGTTGCGCTCTATGTTGAGAACTCGCACGTCAGGCTGATCCCAGACACACCCCGCCACGCCGCTCACGTGTTGTGCGATTCTTTCCTCCCCTGCTCGAGTGACTTACTCCTGTTCCGCTTTCCAGCTTGTACCATGTCTGCGCCTTGCTGCCTGTTTACTTGGCCAAGCTGGTTGTGGTGGTTTGTCTGGCGCTTTCCCTTCCTACGTACTGTACATGTATGTCCAGCATGGCCAGCGCACCCGTCAACACAATGGGGCTTACTCTTGGGGTGCCTCCCCTCGCATGTCGCCATGTACGCCTCGTCGTCTTCGTCGTCATCACTCTAGTCATTTCCAACGACGATTCCCCCCAAAACGTGTACCTATCCGCTCAGGAGGGTGCCAACAGCAAGTGATCTTTGCTTCTTTTGTTCCTGGCTGCTTACAACCATATCTTCACGAACAAGACCATACGGCACAGTTCTCTCTTGCGCC,GGGCACGCCGAAGCAUCUCU-A.CGGAGCAgcAACACACGGGCUGGCGCCcuuagcgccccgccaugagguagccgUGCUACCC---GACCAUGCUCUG.GGcGAAAGUCCCCGGAUCACGCGGCAGCAAGUGCCacucaggaaacgggugccuccugccauaauggaguaccuugucauggggguggcgggaauccucuuccccccuguggccugcgacgacgcggcuucgucgcucu....................................................................................................................gcucgcaccgaggugggagcagagccgugccgcggagcagacuauagguuuccagccaggagguuaucgauuaucgaugagauaugggaugaacugguugcucu-----------....-------gguugcucucaagguauguucacugcgaacucucaugcuacaaacguggugaucugggauaugaugcgagaaacacgcaucaacacauuuuaug.....................................................ugccgcuccagacugauugaaugagcgcugcguugcgcucuauguugagaacucgcacgucaggcugaucccagacacaccccgccacgccgcu--------------------.....----------cacguguugugcgauucuuuccuccccugcucgagugacuuacuccug................................................uuccgcuuuccagcuuguaccaugucugcgccuugcugccuguuuacuu-GGCCAAGCUGGUUGUGGU......GGUUUGUCUGGCGCUuu.....cccUUCCUACGU.ACUGUACAUGUAU-.--------------GUCC--agcauggccagcgCACCCGUCAACACAAUGGGGCUUACUCUUGGGGUGCC,":[[[[[[[[[[,,((((((,,<.<<<<<<-..--------<<<<<<<___.........................._>>>>>>>--------->>>>>>.>,.,,,,,,,,,,,,,,,,,,,<<<<_____>>>>....................................................................................................................................................................................................................................................................................................................................<<<<<<_____...._>>>>>>.................................................................................................................................................................................................................................................,<<<---<<<<<<---<<<<.....<<<<------.................................................................................................................................................<<<<___>>>>--->>>>-......>>>>->>>>>>->>>..........,,,,,,,,,.,,,,,,,,,,,,,).))))),<<<<<<________............._>>>>>>,,,,,,,,,,,,,,,,,,,,]]]]]]]]]]",KV919015.1,Rhodophyta,Bangiophyceae,Bangiales
cov_model_MRP,GCA_002049455.2,Porphyra_umbilicalis,Bangiaceae,HIT,5,4.1e-10,ACGGGCCGTGAAACAAAGCTTTGCACGGCGTGCAGTTTGACCGCTCTTTGTAAACTGTTTATATGTTGTTCCCTGGGGGACTTTGTCGGCCAATCCATGTCGGCGCGAAAGGGTAGGAGTTGGAAGGCGACATCAAGGATGGCGGCGCAATCGGCGACGACGGCTGTCAGACAGTGCGAGCATCGGGCTTAGGCGGGAGGGGGCACGCCGAAGCATCTCTACGGAGCAGCAACACACGGGCTGGCGCCCTTAGCGCCCCGCCATGAGGTAGCCGTGCTACCCGACCATGCTCTGGGCGAAAGTCCCCGGATCACGCGGCAGCAAGTGCCACTCAGGAAACGGGTGCCTCCTGCCATAATGGAGTACCTTGTCATGGGGGTGGCGGGAATCCTCTTCCCCCCTGTGGCCTGCGACGACGCGGCTTCGTCGCTCTGCTCGCACCGAGGTGGGAGCAGAGCCGTGCCGCGGAGCAGACTATAGGTTTCCAGCCAGGAGGTTATCGATTATCGATGAGATATGGGATGAACTGGTTGCTCTGGTTGCTCTCAAGGTATGTTCACTGCGAACTCTCATGCTACAAACGTGGTGATCTGGGATATGATGCGAGAAACACGCATCAACACATTTTATGTGCCGCTCCAGACTGATTGAATGAGCGCTGCGTTGCGCTCTATGTTGAGAACTCGCACGTCAGGCTGATCCCAGACACACCCCGCCACGCCGCTCACGTGTTGTGCGATTCTTTCCTCCCCTGCTCGAGTGACTTACTCCTGTTCCGCTTTCCAGCTTGTACCATGTCTGCGCCTTGCTGCCTGTTTACTTGGCCAAGCTGGTTGTGGTGGTTTGTCTGGCGCTTTCCCTTCCTACGTACTGTACATGTATGTCCAGCATGGCCAGCGCACCCGTCAACACAATGGGGCTTACTCTTGGGGTGCCTCCCCTCGCATGTCGCCATGTACGCCTCGTCGTCTTCGTCGTCATCACTCTAGTCATTTCCAACGACGATTCCCCCCAAAACGTGTACCTATCCGCTCAGGAGGGTGCCAACAGCAAGTGATCTTTGCTTCTTTTGTTCCTGGCTGCTTACAACCATATCTTCACGAACAAGACCATACGGCACAGTTCTCTCTTGCGCC,GGGCACGCCGAAGCAUCUCU-A.CGGAGCAgcAACACACGGGCUGGCGCCcuuagcgccccgccaugagguagccgUGCUACCC---GACCAUGCUCUG.GGcGAAAGUCCCCGGAUCACGCGGCAGCAAGUGCCacucaggaaacgggugccuccugccauaauggaguaccuugucauggggguggcgggaauccucuuccccccuguggccugcgacgacgcggcuucgucgcucu....................................................................................................................gcucgcaccgaggugggagcagagccgugccgcggagcagacuauagguuuccagccaggagguuaucgauuaucgaugagauaugggaugaacugguugcucu-----------....-------gguugcucucaagguauguucacugcgaacucucaugcuacaaacguggugaucugggauaugaugcgagaaacacgcaucaacacauuuuaug.....................................................ugccgcuccagacugauugaaugagcgcugcguugcgcucuauguugagaacucgcacgucaggcugaucccagacacaccccgccacgccgcu--------------------.....----------cacguguugugcgauucuuuccuccccugcucgagugacuuacuccug................................................uuccgcuuuccagcuuguaccaugucugcgccuugcugccuguuuacuu-GGCCAAGCUGGUUGUGGU......GGUUUGUCUGGCGCUuu.....cccUUCCUACGU.ACUGUACAUGUAU-.--------------GUCC--agcauggccagcgCACCCGUCAACACAAUGGGGCUUACUCUUGGGGUGCC,":[[[[[[[[[[,,((((((,,<.<<<<<<-..--------<<<<<<<___.........................._>>>>>>>--------->>>>>>.>,.,,,,,,,,,,,,,,,,,,,<<<<_____>>>>....................................................................................................................................................................................................................................................................................................................................<<<<<<_____...._>>>>>>.................................................................................................................................................................................................................................................,<<<---<<<<<<---<<<<.....<<<<------.................................................................................................................................................<<<<___>>>>--->>>>-......>>>>->>>>>>->>>..........,,,,,,,,,.,,,,,,,,,,,,,).))))),<<<<<<________............._>>>>>>,,,,,,,,,,,,,,,,,,,,]]]]]]]]]]",KV919015.1,Rhodophyta,Bangiophyceae,Bangiales
cov_model_MRP,GCA_002049455.2,Porphyra_umbilicalis,Bangiaceae,HIT,6,4.1e-10,ACGGGCCGTGAAACAAAGCTTTGCACGGCGTGCAGTTTGACCGCTCTTTGTAAACTGTTTATATGTTGTTCCCTGGGGGACTTTGTCGGCCAATCCATGTCGGCGCGAAAGGGTAGGAGTTGGAAGGCGACATCAAGGATGGCGGCGCAATCGGCGACGACGGCTGTCAGACAGTGCGAGCATCGGGCTTAGGCGGGAGGGGGCACGCCGAAGCATCTCTACGGAGCAGCAACACACGGGCTGGCGCCCTTAGCGCCCCGCCATGAGGTAGCCGTGCTACCCGACCATGCTCTGGGCGAAAGTCCCCGGATCACGCGGCAGCAAGTGCCACTCAGGAAACGGGTGCCTCCTGCCATAATGGAGTACCTTGTCATGGGGGTGGCGGGAATCCTCTTCCCCCCTGTGGCCTGCGACGACGCGGCTTCGTCGCTCTGCTCGCACCGAGGTGGGAGCAGAGCCGTGCCGCGGAGCAGACTATAGGTTTCCAGCCAGGAGGTTATCGATTATCGATGAGATATGGGATGAACTGGTTGCTCTGGTTGCTCTCAAGGTATGTTCACTGCGAACTCTCATGCTACAAACGTGGTGATCTGGGATATGATGCGAGAAACACGCATCAACACATTTTATGTGCCGCTCCAGACTGATTGAATGAGCGCTGCGTTGCGCTCTATGTTGAGAACTCGCACGTCAGGCTGATCCCAGACACACCCCGCCACGCCGCTCACGTGTTGTGCGATTCTTTCCTCCCCTGCTCGAGTGACTTACTCCTGTTCCGCTTTCCAGCTTGTACCATGTCTGCGCCTTGCTGCCTGTTTACTTGGCCAAGCTGGTTGTGGTGGTTTGTCTGGCGCTTTCCCTTCCTACGTACTGTACATGTATGTCCAGCATGGCCAGCGCACCCGTCAACACAATGGGGCTTACTCTTGGGGTGCCTCCCCTCGCATGTCGCCATGTACGCCTCGTCGTCTTCGTCGTCATCACTCTAGTCATTTCCAACGACGATTCCCCCCAAAACGTGTACCTATCCGCTCAGGAGGGTGCCAACAGCAAGTGATCTTTGCTTCTTTTGTTCCTGGCTGCTTACAACCATATCTTCACGAACAAGACCATACGGCACAGTTCTCTCTTGCGCC,GGGCACGCCGAAGCAUCUCU-A.CGGAGCAgcAACACACGGGCUGGCGCCcuuagcgccccgccaugagguagccgUGCUACCC---GACCAUGCUCUG.GGcGAAAGUCCCCGGAUCACGCGGCAGCAAGUGCCacucaggaaacgggugccuccugccauaauggaguaccuugucauggggguggcgggaauccucuuccccccuguggccugcgacgacgcggcuucgucgcucu....................................................................................................................gcucgcaccgaggugggagcagagccgugccgcggagcagacuauagguuuccagccaggagguuaucgauuaucgaugagauaugggaugaacugguugcucu-----------....-------gguugcucucaagguauguucacugcgaacucucaugcuacaaacguggugaucugggauaugaugcgagaaacacgcaucaacacauuuuaug.....................................................ugccgcuccagacugauugaaugagcgcugcguugcgcucuauguugagaacucgcacgucaggcugaucccagacacaccccgccacgccgcu--------------------.....----------cacguguugugcgauucuuuccuccccugcucgagugacuuacuccug................................................uuccgcuuuccagcuuguaccaugucugcgccuugcugccuguuuacuu-GGCCAAGCUGGUUGUGGU......GGUUUGUCUGGCGCUuu.....cccUUCCUACGU.ACUGUACAUGUAU-.--------------GUCC--agcauggccagcgCACCCGUCAACACAAUGGGGCUUACUCUUGGGGUGCC,":[[[[[[[[[[,,((((((,,<.<<<<<<-..--------<<<<<<<___.........................._>>>>>>>--------->>>>>>.>,.,,,,,,,,,,,,,,,,,,,<<<<_____>>>>....................................................................................................................................................................................................................................................................................................................................<<<<<<_____...._>>>>>>.................................................................................................................................................................................................................................................,<<<---<<<<<<---<<<<.....<<<<------.................................................................................................................................................<<<<___>>>>--->>>>-......>>>>->>>>>>->>>..........,,,,,,,,,.,,,,,,,,,,,,,).))))),<<<<<<________............._>>>>>>,,,,,,,,,,,,,,,,,,,,]]]]]]]]]]",KV919015.1,Rhodophyta,Bangiophyceae,Bangiales
cov_model_MRP,GCA_002049455.2,Porphyra_umbilicalis,Bangiaceae,HIT,7,4.1e-10,ACGGGCCGTGAAACAAAGCTTTGCACGGCGTGCAGTTTGACCGCTCTTTGTAAACTGTTTATATGTTGTTCCCTGGGGGACTTTGTCGGCCAATCCATGTCGGCGCGAAAGGGTAGGAGTTGGAAGGCGACATCAAGGATGGCGGCGCAATCGGCGACGACGGCTGTCAGACAGTGCGAGCATCGGGCTTAGGCGGGAGGGGGCACGCCGAAGCATCTCTACGGAGCAGCAACACACGGGCTGGCGCCCTTAGCGCCCCGCCATGAGGTAGCCGTGCTACCCGACCATGCTCTGGGCGAAAGTCCCCGGATCACGCGGCAGCAAGTGCCACTCAGGAAACGGGTGCCTCCTGCCATAATGGAGTACCTTGTCATGGGGGTGGCGGGAATCCTCTTCCCCCCTGTGGCCTGCGACGACGCGGCTTCGTCGCTCTGCTCGCACCGAGGTGGGAGCAGAGCCGTGCCGCGGAGCAGACTATAGGTTTCCAGCCAGGAGGTTATCGATTATCGATGAGATATGGGATGAACTGGTTGCTCTGGTTGCTCTCAAGGTATGTTCACTGCGAACTCTCATGCTACAAACGTGGTGATCTGGGATATGATGCGAGAAACACGCATCAACACATTTTATGTGCCGCTCCAGACTGATTGAATGAGCGCTGCGTTGCGCTCTATGTTGAGAACTCGCACGTCAGGCTGATCCCAGACACACCCCGCCACGCCGCTCACGTGTTGTGCGATTCTTTCCTCCCCTGCTCGAGTGACTTACTCCTGTTCCGCTTTCCAGCTTGTACCATGTCTGCGCCTTGCTGCCTGTTTACTTGGCCAAGCTGGTTGTGGTGGTTTGTCTGGCGCTTTCCCTTCCTACGTACTGTACATGTATGTCCAGCATGGCCAGCGCACCCGTCAACACAATGGGGCTTACTCTTGGGGTGCCTCCCCTCGCATGTCGCCATGTACGCCTCGTCGTCTTCGTCGTCATCACTCTAGTCATTTCCAACGACGATTCCCCCCAAAACGTGTACCTATCCGCTCAGGAGGGTGCCAACAGCAAGTGATCTTTGCTTCTTTTGTTCCTGGCTGCTTACAACCATATCTTCACGAACAAGACCATACGGCACAGTTCTCTCTTGCGCC,GGGCACGCCGAAGCAUCUCU-A.CGGAGCAgcAACACACGGGCUGGCGCCcuuagcgccccgccaugagguagccgUGCUACCC---GACCAUGCUCUG.GGcGAAAGUCCCCGGAUCACGCGGCAGCAAGUGCCacucaggaaacgggugccuccugccauaauggaguaccuugucauggggguggcgggaauccucuuccccccuguggccugcgacgacgcggcuucgucgcucu....................................................................................................................gcucgcaccgaggugggagcagagccgugccgcggagcagacuauagguuuccagccaggagguuaucgauuaucgaugagauaugggaugaacugguugcucu-----------....-------gguugcucucaagguauguucacugcgaacucucaugcuacaaacguggugaucugggauaugaugcgagaaacacgcaucaacacauuuuaug.....................................................ugccgcuccagacugauugaaugagcgcugcguugcgcucuauguugagaacucgcacgucaggcugaucccagacacaccccgccacgccgcu--------------------.....----------cacguguugugcgauucuuuccuccccugcucgagugacuuacuccug................................................uuccgcuuuccagcuuguaccaugucugcgccuugcugccuguuuacuu-GGCCAAGCUGGUUGUGGU......GGUUUGUCUGGCGCUuu.....cccUUCCUACGU.ACUGUACAUGUAU-.--------------GUCC--agcauggccagcgCACCCGUCAACACAAUGGGGCUUACUCUUGGGGUGCC,":[[[[[[[[[[,,((((((,,<.<<<<<<-..--------<<<<<<<___.........................._>>>>>>>--------->>>>>>.>,.,,,,,,,,,,,,,,,,,,,<<<<_____>>>>....................................................................................................................................................................................................................................................................................................................................<<<<<<_____...._>>>>>>.................................................................................................................................................................................................................................................,<<<---<<<<<<---<<<<.....<<<<------.................................................................................................................................................<<<<___>>>>--->>>>-......>>>>->>>>>>->>>..........,,,,,,,,,.,,,,,,,,,,,,,).))))),<<<<<<________............._>>>>>>,,,,,,,,,,,,,,,,,,,,]]]]]]]]]]",KV919552.1,Rhodophyta,Bangiophyceae,Bangiales
cov_model_MRP,GCA_002049455.2,Porphyra_umbilicalis,Bangiaceae,HIT,8,1.3e-7,TACGTGTGCATGAAACTTACTTATTGGGTGCAGTTTGACCACTCTTTGGAAACGCACCATCTGCGGCACCTCGGGGGTCGCTCGTCGGCCTCTGCTTGGTCGGCGAGTGGGGGCACAAGATGGAAAGCGACATGCAGGACGGCTGCGCACTTTGCCGCGGCGGTGGGTAAAGGGTGTCGGACAGAATCTCAGGCGAACTGAGGCACGCCGAAGCATCTCTACGGAGCAGTAACACACGGGCTGGCGTGAGTCGCGCCCGGCCATTTGGTAGCTTAGCTACCCGCCCTTGCTCCTGGCGAAAGTCCCCGGATCAGCTGGCAGCAAGTGCCCCCCGGGAAACGGGTGACTCCTGTCGTTATGGTGTGCCTTGTCCTGGGAGGAGTGGGGAAACTCATCCCTCCTGTGGCCCGCGGCGATGCGGTTTGGTCACTGTACCCCCAGCCTAGTAGGGGGAGTGCGACGCCGCGGAGCGGAACTGAAGGAGCCAGGCAGAAGCTTATCGATTATCGGTGAGATATGGGATGAACGGGTTGCCTTGGATGCTGCAAAGGTATGTTCTTTTGCACCTCTGGCGACAATGGGGGCTGCGGTGGCGGGACATGATGCGCAAATCACGCACCAACACAATTTATGTGCCGCTCCAGACTGAATGAGCGAGTGCGGTGTTGCACTCTATGTTGAGAATCTGCACGTCAGGCTGCTCCCACAAACACACCAAGAGAGGGTGTCCATTCGCTTCTTTTCAACTCGTTTCTAGTGACTCACTCGTCTGTTGCTCTTCCGCTTGTATGATGTGTGCTTGCTTGGCGGAGTCTTGTGTGACATAGTTTATTCTGCCATACGGCCCTCCTTGTCACATACATGTACAGCCTAGCCACCGCACCCGTCAACACAATTGGGCTTACTCTTGGGGTGCCTCCCCCCGTTTATGGATCTCCTGTCGCCCTTCACGCCTTGTCGTCTTTGTTACCGTCGCTGTACTTTCTTCCAACTGCCCTGCTCCGCACACATGTATGTATCTCGCCACAGCAGTTCCCCGAGCCTCTTTCTTCTGCTTCTTTTCGTGCCGAATGAGTACGACCCGACTTCGGCCCACAACCAGGACGGCAAATTCCCC,AGGCACGCCGAAGCAUCUCUAC.GGAGCAG.uAACACACGGGCUGGCGUGagucgcgcccggccauuugguagcuuAGCUACCC----GCCCUUGCUCCuGGcGAAAGUCCCCGGAUCAGCUGGCAGCAAGUGCCccccgggaaacgggugacuccugucguuauggugugccuuguccugggaggaguggggaaacucaucccuccuguggcccgcggcgaugcgguuuggucacuguacccccagccuaguagggggagugcgacgcc.....................................................gcggagcggaacugaaggagccaggcagaagcuuaucgauuaucggugagauaugggaugaacggguugccuuggaugcugcaaagguauguucuuuugcaccucuggcgacaaugggggcugcgguggcgggacaUGAUGC-GCAAaucaCGCACCA.................................................................................................................................................................................................................................................ACACAAUUUAUGUGCCGCUC....cAGACUGAAUGagcgagugcgguguugcacucuauguugagaaucugcacgucaggcugcucccacaaacacaccaagagaggguguccauucgcuucuuuucaacucguuucuagugacucacucgucuguugcucuuccgcuuguaugauguguGCUUGCUUGGCGGAGUCUU......GUGUGACAUAGUUUAuuc...ugccAUACGGCCCuCCUUGUCACAUAC-.--AUGUACAGCCUAGCCACC............gCACCCGUCAACACAAUUGGGCUUACUCUUGGGGUGCC,":[[[[[[[[[[,,((((((,,<.<<<<<<-..--------<<<<<<<___.........................._>>>>>>>--------->>>>>>.>,.,,,,,,,,,,,,,,,,,,,<<<<_____>>>>....................................................................................................................................................................................................................................................................................................................................<<<<<<_____...._>>>>>>.................................................................................................................................................................................................................................................,<<<---<<<<<<---<<<<.....<<<<------.................................................................................................................................................<<<<___>>>>--->>>>-......>>>>->>>>>>->>>..........,,,,,,,,,.,,,,,,,,,,,,,).))))),<<<<<<________............._>>>>>>,,,,,,,,,,,,,,,,,,,,]]]]]]]]]]",KV919084.1,Rhodophyta,Bangiophyceae,Bangiales
cov_model_MRP,GCA_002049455.2,Porphyra_umbilicalis,Bangiaceae,HIT,9,0.007,ACGGGCCGTGAAACAAAGTTTCGCACGGTGTGCGGTTTGACCGCTCTTTGTAAACTGTTTATGTGGTGTTTCCTGGGGGACTTTGTTGGCCAGTCCGTGTCGGCGCGAAAGGGTAGGAGTTGAAAGGCGACATTAAGGATGGCGGCGCAATCGGCGACGACGGCTGTCAGACAGTGCGAGCATCGGGATTAGGCGGGAGGGGGCACGCCGAAGCATCTCTACGGAGCAGCAACACACGGGCTGGCGAAGTTAGCGCCCCGCCATGAGGTAGCCGTGCTACCCGACCATGCTCTGGGCCAAAGTCCCATGATCACGCGGCAGCAAGTGCCACTCAGGAAACGGGTGCCTCCTGCCATAATGGAGTACCTTGTCATGGGGGTGGCGGGAATCCTCTTCCCCCCTGTGGCCTGCGACGACGCGGTTTCGTCGCTCTGCTCGCACCGAGGTCGGAGCAGAGCCGTGCCGCGGAGCAGACTATAGGTTTCCAGCCAGGAGGTTATCGATTATCGATGAGAAATGGGATATACTGGTTGCTCTGGTTGCTGTCAAGGTATGTTCACTGCGAACTCTCATGCTACGAACGTGGTGATCTGGGATATGATGCGAAAACCACTCGTCAACACATTCTTTGTGCCGCTCCATACTGAGTGAACGAGCGCTCCGTTGCGCTCTATGTTAAGAACTCGCACGTCAGGCTGATCCCAGACACACCCCGCCACGCCGCTCACGTGCTGTGCGATTCTTTCCTCCTCTGCTCGAGTGACTTACTCATTTTTCGCTTTTCAGCTTGTACCATGTCTGCGCCTTGTTGCCTGTTCACTTGGCCGAGCTGTTCATTCTGATTTGTCTGGCGCTTTCCCTTCCTACGTATTGTACATGTATGTTCATCATGGCCAGCGCACCCGTCAAAACGATGGGGCTTACTCTTGGGGTGCCTCTCCTTGCATGTCTCCATGTACGCCTCGTCGTCTTCGTCGTCATCAGTGTTTCTCTGTCCCTCCAGAATTGCGCCGTTTTCTTCGTCTCTGCCGATCCGGACCTGGCTCTGACCAATTTCTGATGCAAGACACGTATTGATCCGATCTGGCATCCCATGGAAGTGCACTTTCTCTCGGCCGGCTACGAGCAGCATCTGC,GGGCACGCCGAAGCAUCUCUA-.CGGAGCAgcAACACACGGGCUGGCGAAguuagcgccccgccaugagguagccgUGCUACCC---GACCAUGCUCUG.GGcCAAAGUCCCAUGAUCACGCGGCAGCAAGUGCCacucaggaaacgggugccuccugccauaauggaguaccuugucauggggguggcgggaauccucuuccccccuguggccugcgacgacgcgguuucgucgcucugcucgcaccgaggucggagcagagccgugccgcggagcagacuauagguuuccagccaggagguuaucgauuaucgaugagaaaugggauauacugguugcucugguugcugucaagguauguucacugcgaacucucaugcuacgaacguggugaucugggauaugaugcgaaaaccacucgucaacacauucuuugugccgcuccauacugagugaacGAGCGCUCCGU....UGCGCUCuauguuaagaacucgcacgucaggcugaucccagacacacccc..........................................................................................................................................................gccacgccgcucacgugcugugcgauucuuuccuccucugcucgAGUGACUUACUCAUUUUUCGcuuuuCAGCUUGUACcaugucugcg............................................................................................................................ccuuguugccuGUUCACUUGGCCGAGCUGUucauucUGAUUUGUCUGGCGC..........UUUCC----.CUUCCUACGUAUUGuACAUGUAU--GUUCAUCAUGgcc......agcgCACCCGUCAAAACGAUGGGGCUUACUCUUGGGGUGCC,":[[[[[[[[[[,,((((((,,<.<<<<<<-..--------<<<<<<<___.........................._>>>>>>>--------->>>>>>.>,.,,,,,,,,,,,,,,,,,,,<<<<_____>>>>....................................................................................................................................................................................................................................................................................................................................<<<<<<_____...._>>>>>>.................................................................................................................................................................................................................................................,<<<---<<<<<<---<<<<.....<<<<------.................................................................................................................................................<<<<___>>>>--->>>>-......>>>>->>>>>>->>>..........,,,,,,,,,.,,,,,,,,,,,,,).))))),<<<<<<________............._>>>>>>,,,,,,,,,,,,,,,,,,,,]]]]]]]]]]",KV919105.1,Rhodophyta,Bangiophyceae,Bangiales
cov_model_MRP,GCA_002049455.2,Porphyra_umbilicalis,Bangiaceae,MAYBE,1,0.032,NA,NA,NA,KV918769.1,Rhodophyta,Bangiophyceae,Bangiales
cov_model_MRP,GCA_002049455.2,Porphyra_umbilicalis,Bangiaceae,MAYBE,2,0.39,NA,NA,NA,KV918964.1,Rhodophyta,Bangiophyceae,Bangiales
cov_model_MRP,GCA_002049455.2,Porphyra_umbilicalis,Bangiaceae,MAYBE,3,0.47,NA,NA,NA,KV918810.1,Rhodophyta,Bangiophyceae,Bangiales
cov_model_MRP,GCA_002049455.2,Porphyra_umbilicalis,Bangiaceae,MAYBE,4,0.83,NA,NA,NA,KV919376.1,Rhodophyta,Bangiophyceae,Bangiales
cov_model_MRP,GCA_002049455.2,Porphyra_umbilicalis,Bangiaceae,MAYBE,5,1.1,NA,NA,NA,KV918989.1,Rhodophyta,Bangiophyceae,Bangiales
cov_model_MRP,GCA_002049455.2,Porphyra_umbilicalis,Bangiaceae,MAYBE,6,1.9,NA,NA,NA,KV918766.1,Rhodophyta,Bangiophyceae,Bangiales
cov_model_MRP,GCA_002049455.2,Porphyra_umbilicalis,Bangiaceae,MAYBE,7,4.2,NA,NA,NA,KV919272.1,Rhodophyta,Bangiophyceae,Bangiales
