cov_model_U6,GCA_003194525.1,Gracilariopsis_chorda,Gracilariaceae,NO HIT,0,NA,NA,NA,NA,NA,Rhodophyta,Florideophyceae,Gracilariales
cov_model_U6,GCA_003194525.1,Gracilariopsis_chorda,Gracilariaceae,HIT,1,1e-8,GACGCAAAGCGAGCGGACGGGCTTGTTCGGTGCAGACATGGAAATCACACTCTGCTGAGGCCGCTGGATACCAAGGCGCGCTTGATCTAGAATCGATCTGACGTCCTCTGGGTTCGCACCACCCTCCAAGATTAAACGAATTTTTAAGGCTCTAAAACAGTTTAGTATAAATAGCGCCAACGACCCCTTCCAGATTCGAGTTCTCCTTCGGGAGGCTCATCTATCAAACGATAACAATAACAGAGAAGATTGGCATTCCCTCTGCGCAAGAATGGAACCCAATACCATGCAGTTATCTGTTGAGTTTTTTTGTAAACTCGCAGTCTCGTCGTCGACCACGTGATCTAACGCACAGGTGAGAGCCATCTATCTCTCCGCTGCGAAACATCACATCAACGTTCAATAGAGTCAAGAGCTCACAAACGCGGCTGCAATATCCAGCTGAGAACACACTCTTCTGCCGGTGCTGTAGGCCAAACGACATTATCCCCGAAGCGGCATGTGCATCTTG,UUCUCCUUCGGGAGGCuCAUCUAUCAAACGAUAACAAUAaCAGAGAAGAUUGGCAUUCCCUCUGCGCAAGAAUGGAACCCAAUACCAUGCAGUuaucuGUUGAGUUUUUUU,<<<<<______>>>>>.::::::::::::::::::::::.:::::::::::::::::::::::::::::::::::::::::::::::::::::.....:::::::::::::,NBIV01000289.1,Rhodophyta,Florideophyceae,Gracilariales
cov_model_U6,GCA_003194525.1,Gracilariopsis_chorda,Gracilariaceae,MAYBE,1,2.3,NA,NA,NA,NBIV01000015.1,Rhodophyta,Florideophyceae,Gracilariales
cov_model_U6,GCA_003194525.1,Gracilariopsis_chorda,Gracilariaceae,MAYBE,2,3.2,NA,NA,NA,NBIV01000097.1,Rhodophyta,Florideophyceae,Gracilariales
cov_model_U6,GCA_003194525.1,Gracilariopsis_chorda,Gracilariaceae,MAYBE,3,3.2,NA,NA,NA,NBIV01000114.1,Rhodophyta,Florideophyceae,Gracilariales
cov_model_U6,GCA_003194525.1,Gracilariopsis_chorda,Gracilariaceae,MAYBE,4,3.5,NA,NA,NA,NBIV01000034.1,Rhodophyta,Florideophyceae,Gracilariales
cov_model_U6,GCA_003194525.1,Gracilariopsis_chorda,Gracilariaceae,MAYBE,5,3.5,NA,NA,NA,NBIV01000034.1,Rhodophyta,Florideophyceae,Gracilariales
cov_model_U6,GCA_003194525.1,Gracilariopsis_chorda,Gracilariaceae,MAYBE,6,3.5,NA,NA,NA,NBIV01000568.1,Rhodophyta,Florideophyceae,Gracilariales
cov_model_U6,GCA_003194525.1,Gracilariopsis_chorda,Gracilariaceae,MAYBE,7,4.2,NA,NA,NA,NBIV01000015.1,Rhodophyta,Florideophyceae,Gracilariales
cov_model_U6,GCA_003194525.1,Gracilariopsis_chorda,Gracilariaceae,MAYBE,8,9.4,NA,NA,NA,NBIV01000033.1,Rhodophyta,Florideophyceae,Gracilariales
