cov_model_MRP,GCA_002205965.3,Kappaphycus_alvarezii,Solieriaceae,NO HIT,0,NA,NA,NA,NA,NA,Rhodophyta,Florideophyceae,Gigartinales
cov_model_MRP,GCA_002205965.3,Kappaphycus_alvarezii,Solieriaceae,HIT,1,2.1e-12,ATTATCACCGCTAACCCTAAACAACAGCTTTGAGATCAAGATGAGCCATTCGAATCAGCTCCCAAATTCTGTTCTCGCCATTCCGTCGTCGACCAGGTTTTCATCTGCAGCTTGTACTGCGGAACTGCGCCTGTGGATCCATGCCTGGGTCAAAAAAAGTATTTAATCTGCCACCGATGATCGGCGACTGCGCATCTCGTCGGGCACGGTCAAGCATTCCCAACGGAGAGAATCACACGGATCGGTGCAACAGCAGCCGTTCGTCCATCATGCTCCGGGCGAAAGTCCCCGGACGCACATGCAGAAAGTGCTGGCGCTGATGCGCAGAACGCCTCTGTGTTACGTTGCCGTCGTGGCTGAGAGAACGTTTCTGGTTCCAGGAATGTTGGAGCCGAGGTGACGCTCAGAAGTCGGTCGTCATGGATAACGCATGCGCGAGGAAAAGTTATGGAATGAGTGTGTTTGCAGGTACGGTACCGCTCATCATCCTTTTAGACGAGGAGGATAAAGAACCTATGTGCTGCTCCAGTCTGGAGACAACGTCCCACAAATCGAGTAGAGCTTTTACCCAAGTACTCCCGGGGCTTTGGTGAGGATACGCACGTCAGCCTGAGTCTACATTAGCAATACTAGGCGCTTATTGTATGTGCATCAAGTTCGATACTGACTGGCGTTTCGTTATTTGTCCTGTGCACTCTCTCCCCTGCATGGGTGGGTGATTCGTCTCGAACACGCGTTTTTTTCAATTTGTGGCGTTGGATTGGATTTCACTATCACTAGGCCGTGACCGCTGCGACACGGTCGGCGACTGCGCAAGCGGAATACACATAAACTCAATGGGGCTTACTCTTCCCGTGTCCCTCGCGGCCCTCAAACATGTTTCTCACTTCGCCTGTAGTTCTGCGCACTCTTAAGGGCCACTTTTGCGGCCTTTGTCACCAACTATCCTGGTTACACTACTATTTGAATCGCCGCGCACGCCAAAGGCAGCCAGCGAGTCTGTGTGTCGGAACGTTCTGATTCCGCATACTCAGACAAGGTTGATCAGTGCACCAATAGT,CGGGCACGGuCAAGCAUUCCCAACGGAGAGaAUCACACGGAUCGGUGCAacagcAGCCGUUCGUCCAUCAUGCUCCGgG-cGAAAGUCCCCGGACGCACAUGCAGAAAGUGCU-GGCGC-UGAU-GCGC--AGAAcgCCUCUGUGUUAcGUUGCcgucgUGGCUGAGAG..........AACGU--uucugguuccaggaaUGUU...GGAGCCGAgGUGACGCUCAGAaGUCggucgucauggauaaCGCAUGCGC.GAGGAAAAGUUAUGGAAUGAGUGUGUUUGCAGGUacgguaccgcucaucauccuuuuagacgaggaggauaaagaaccuaugugcugcuccagucuggagacaacgucccacaaaucgaguagagcuuuuacccaaguacucccggggcuuuggugaggauacgcacgucagccugagucuacauuagcaauacuaggcgcuuauuguau.........gugcaucaaguucgauacugacuggcguuucguuauuuguccugugcacucucuccccugcaugggugggugauucgucucgaacacgcguuuuuuucaauuuguggcguuggauuggauuucacuaucacuaggccgugaccgcugcgacacggucggcgacugcgcaagcggaaUACACAUAAACUCAAUGGGGCUUACUCUUcCCGUGUCC,":[[[[[[[[.[[,,((((((,,<<<<<<<-.--------<<<<<<<___....._>>>>>>>--------->>>>>>.>,.,,,,,,,,,,,,,,,,,,,<<<<_____>>>><<<<<<______>>>>>>,<<<..---<<<<<<--.-<<<<.....<<<<------..........<<<<___~~~~~~~~~~~~~~~>>>>...--->>>>-.>>>>->>>>>>-.>>>...............,,,,,,,,,.,,,,,,,,,,,,,)))))),<<<<<<________........................................................................................................................................................................................................................................................................................................................................................................._>>>>>>,,,,,,,,,,,,,,,,,,,,]].]]]]]]]]",NADL03000795.1,Rhodophyta,Florideophyceae,Gigartinales
cov_model_MRP,GCA_002205965.3,Kappaphycus_alvarezii,Solieriaceae,HIT,2,4.4e-12,CTAACCCTAAACAACAGCTTTGAGATCAAGATGAGCCATTCGTAATCAGCTCCCAAATTCTGTTCTCGCCATTCCGTCGTCGACCAGGATTTCATCCAGCAGCTTGTACTGCGGAACTACGCCTGTGGATCCATGCTCTGGGTCAAAAAAAGTATTTAAACTGCTCACTGAACCTCTCTACGCGCGATCTCGGTTGCCGACGGGCACGGTCAAGCATTCCCAACGGAGAGAACCACACGGATCGGTGCAACAGCAGCCGTTCGTCCATCATGCTCCGGGCGAAAGTCCCCGGACGCACATGCAGAAAGTGCTGGCGCTGATGCGCAGAACGCCTCTGTGTTACGTTGCCGTCGTGGCTGAGAGAACGTTTCTGGTTCCAGGAATGTTGGAGCCGAGGTGACGCTCAGAAGTCGGTCGTCATGGATAACGCATGCGCGAGGAAAAGTTATGGAATGAGTGTGTTTGCAGGTACGGTACCGCGTCATCATCCTTTTAGACGAGGAGGATAAAGAACCTTATGTGCTGCTCCAGTCTGGAGACAACGTCCCACAAATCGAGTAGAGCTTTTACCCAAGTACTCCCGGGGCTTTGGTGAGGATACGCACGTCAGCCTGAGTCTACATTAGCGATACTAGGCACTTATTGTATGTGCATCAAGTTCGGTACTGACTTGGCGTTTCGTTTATTTGTCCTGTGCACTCTCTTCTCCCCCGCATGGGTGGGTGATTCGTCTCCAACACGCGTTTTTCTTTCAATTTGTGGCGTTGGATTGGATTATATCGGCACTAGGCCGTGACCGCTGCGACACGGTCGGCGACTGCGCAAGCGGAATACACATAAACTCAATGGGGCTTACTCTTCCCGTGTCCCTCGCGGCCCTCAAACATGTTTTCACTTCGCCTGTAGTTCTGCGCACTCTCAAGGGCCACTTTTGCGGCCTTTGTCACCAAGTATCCTGGTTGTACTACTATTTGAATCGCCGCGCACGCCAATAGGTAGCTAGCGAGTCTGTGTGTCGGAACGTTCTGATTCCGCCATGACTCAGACAGAGTTGATCAGTGCACCAATA,CGGGCACGGuCAAGCAUUCCCAACGGAGAGaACCACACGGAUCGGUGCAacagcAGCCGUUCGUCCAUCAUGCUCCGgGC.GAAAGUCCCCGGACGCACAUGCAGAAAGUGCU-GGCGC-UGAU-GCGC--AGAAcgCCUCUGUGUUAcGUUGCcgucgUGGCUGAGAGaacguuucugGUUCCAG...............GAAUguuGGAGCCGAgGUGACGCUCAGAaGUCggucguc.auggauaACGCAUGCGcGAGGAAAAGUUAUGGAAUGAGUGUGUUUGCAGGUacgguaccgcgucaucauccuuuuagacgaggaggauaaagaaccuuaugugcugcuccagucuggagacaacgucccacaaaucgaguagagcuuuuacccaaguacucccggggcuuuggugaggauacgcacgucagccugagucuacauuagcgauacuaggcacuuauuguaugugcaucaaguucgguacugacuuggcguuucguuuauuuguccugugcacucucuucucccccgcaugggugggugauucgucuccaacacgcguuuuucuuucaauuuguggcguuggauuggauuauaucggcacuaggccgugaccgcugcgacacggucggcgacugcgcaagcggaaUACACAUAAACUCAAUGGGGCUUACUCUUcCCGUGUCC,":[[[[[[[[.[[,,((((((,,<<<<<<<-.--------<<<<<<<___....._>>>>>>>--------->>>>>>.>,.,,,,,,,,,,,,,,,,,,,<<<<_____>>>><<<<<<______>>>>>>,<<<..---<<<<<<--.-<<<<.....<<<<------..........<<<<___~~~~~~~~~~~~~~~>>>>...--->>>>-.>>>>->>>>>>-.>>>...............,,,,,,,,,.,,,,,,,,,,,,,)))))),<<<<<<________........................................................................................................................................................................................................................................................................................................................................................................._>>>>>>,,,,,,,,,,,,,,,,,,,,]].]]]]]]]]",NADL03000620.1,Rhodophyta,Florideophyceae,Gigartinales
cov_model_MRP,GCA_002205965.3,Kappaphycus_alvarezii,Solieriaceae,MAYBE,1,0.32,NA,NA,NA,NADL03000513.1,Rhodophyta,Florideophyceae,Gigartinales
cov_model_MRP,GCA_002205965.3,Kappaphycus_alvarezii,Solieriaceae,MAYBE,2,0.85,NA,NA,NA,NADL03000765.1,Rhodophyta,Florideophyceae,Gigartinales
cov_model_MRP,GCA_002205965.3,Kappaphycus_alvarezii,Solieriaceae,MAYBE,3,1.2,NA,NA,NA,NADL03000046.1,Rhodophyta,Florideophyceae,Gigartinales
cov_model_MRP,GCA_002205965.3,Kappaphycus_alvarezii,Solieriaceae,MAYBE,4,1.2,NA,NA,NA,NADL03000594.1,Rhodophyta,Florideophyceae,Gigartinales
cov_model_MRP,GCA_002205965.3,Kappaphycus_alvarezii,Solieriaceae,MAYBE,5,4.6,NA,NA,NA,NADL03000146.1,Rhodophyta,Florideophyceae,Gigartinales
cov_model_MRP,GCA_002205965.3,Kappaphycus_alvarezii,Solieriaceae,MAYBE,6,5,NA,NA,NA,NADL03000620.1,Rhodophyta,Florideophyceae,Gigartinales
cov_model_MRP,GCA_002205965.3,Kappaphycus_alvarezii,Solieriaceae,MAYBE,7,5.7,NA,NA,NA,NADL03000611.1,Rhodophyta,Florideophyceae,Gigartinales
cov_model_MRP,GCA_002205965.3,Kappaphycus_alvarezii,Solieriaceae,MAYBE,8,6,NA,NA,NA,NADL03000807.1,Rhodophyta,Florideophyceae,Gigartinales
