cov_model_MRP,GCA_025991245.1,Galdieria_partita,Galdieriaceae,NO HIT,0,NA,NA,NA,NA,NA,Rhodophyta,Bangiophyceae,Galdieriales
cov_model_MRP,GCA_025991245.1,Galdieria_partita,Galdieriaceae,HIT,1,2.1e-25,ACCCTTCAAGTAGGACAACGATCTTTCATTCATAAATGCATAGATTTACAAAGGTTGCTCAAAACAGAAAATAGGAACATGTCGCTTTTGTCTTGAAATGCATTGAGGTCCTCATTGTTGTAAATGGAATGTGGAGCCATGACAGCGGAAGATTGTCAGTCCTCGCATCCGCCCTGCAACGGCGTCGTCGTTATTGCTTGGGGCACAGAGAAGCATTCCATTCGGAGCGCCGGACTTGTTGTTTAAAGGCAGCAAGTTCAGGCTATAACCTTTAGTGTTATAGAAGCTCTGGGGAAAGTCTCCGGACAAAGAGGTAGAAAGTACCAGCCGTGAAGGCCAGCGTCTTAGGTTGAAACCATTTCGGAAGGAATTTCAAAAACTTGGTGGAGGTATGCACGTGACCAAAGTAAAGGCCACTTTTTGTTGCGTTCAATCAGTATGAAGCTTTCTCTCATGTTCAGAAGACGAGTCACTGGTTAGTGTTCTCAGATGGATTGGGAGAACTCGTGCTAAGAGAACGTTGACGAGGAGCGGCCGCACTTTGGTTGAGCTCTTCTTGTGAAGAGTTCGTTGTGCTTTTTCTCTGCTGTTTTTTAACAACACAATTTCCTGCTTGAAATGGTTTCTTATGCCTAGGGCGCTTTCGTCCAGTTAAAAAAGTTATGGAATGGGTTTCAGGCAAGTATATTAGCAGCCAGATATTTATTGTAGTTGAAATGATGACACCTTGGTTGCCGCCCCAGACCTATGCCATACTGGCACTGAGGAAAGGCAGGAATGGAATTACCGTCTGAAAGTTTTTATCGAAGAATATCATTTTTTCGGCTTGAGCTAAAGTATTTTTTAGGTTGTGAGGCAAATTCGTGACACAACCTTGTTACTAACAGAATGGGGCTTACTCTCTCTGTGCTTTTCACGATATTTTTTTCTCCTCTAGTAAAATTGAGTTGTTTTCTTACTATTTTAGCCCTGGTATTTATTTAGAAACCATTCGTGGTGTTTTTGAAAAGAAGTCATTACTTTCGGAAAATCTTCCTCGGGGGGAAGTATTGTGGTACGAAAATGAAATGTTCCAGGCTTCTGACCAAAACCGCTTCCTGGAACCACACAG,GGGCACAGAGAAGCAUUCCAUUCGGAGC-GCCGGACUUGUUGUUUA-aaggcagcaaguucaggcuaua--------accuuuaguGUUAUAGAAGCUCUGGGGAAAGUCUCCGGACAAAGAGGUAGAAAGUACCAGCCGUGaagGCCA-GCGUCUuagguugaaaccauuucggaaggaauuucaaaaacuugguggagguaugcacgugaccaaaguaaaggccacuuuuuguugcguucaaucaguaugaagcuuucucucauguucagaagacgagucacugguuaguguucucagauggauugggagaacucgugcuaagagaacguugacgaggagcggccgcacuuugguug------------------------------agcucuucuugugaagaguucguugugcuuuuucucugcuguuuuuuaacaacacaauuuccugcuuGAAAUGGUUUC--------UUAUGCCUAGGGCGCUUUCGUCCAgUUAAAAAAGUUAUGGAAUGGGUUUCAGGCAAGUAuauuagcagccagauauuuauuguaguugaaaugaugacaccuugguugccgccccagaccuaugccauacuggcacugaggaaaggcaggaauggaauuaccgucugaaaguuuuuaucgaagaauaucauuuuuucggcuugagcuaaaguauuuuuuagguugugaggcaaauucgugacacaaccUUGUUACUAACAGAAUGGGGCUUACUCUCUCUGUGCU,":[[[[[[[[[[,,((((((,,<<<<<<<---------<<<<<<<___......................_>>>>>>>.........--------->>>>>>>,,,,,,,,,,,,,,,,,,,,<<<<_____>>>><<<<<<_..._____>>>>>>...........................................................................................................................................................................................................,<<<---<<<<<<---<<<<<<<<------...................................................................<<<<___>>>>--->>>>->>>>->>>>>>->>>,,,,,,,,,.,,,,,,,,,,,,,)))))),<<<<<<________............................................................................................................................................................................................._>>>>>>,,,,,,,,,,,,,,,,,,,,]]]]]]]]]]",BQMJ01000007.1,Rhodophyta,Bangiophyceae,Galdieriales
cov_model_MRP,GCA_025991245.1,Galdieria_partita,Galdieriaceae,MAYBE,1,0.039,NA,NA,NA,BQMJ01000024.1,Rhodophyta,Bangiophyceae,Galdieriales
cov_model_MRP,GCA_025991245.1,Galdieria_partita,Galdieriaceae,MAYBE,2,0.38,NA,NA,NA,BQMJ01000017.1,Rhodophyta,Bangiophyceae,Galdieriales
cov_model_MRP,GCA_025991245.1,Galdieria_partita,Galdieriaceae,MAYBE,3,0.62,NA,NA,NA,BQMJ01000060.1,Rhodophyta,Bangiophyceae,Galdieriales
cov_model_MRP,GCA_025991245.1,Galdieria_partita,Galdieriaceae,MAYBE,4,1.3,NA,NA,NA,BQMJ01000060.1,Rhodophyta,Bangiophyceae,Galdieriales
cov_model_MRP,GCA_025991245.1,Galdieria_partita,Galdieriaceae,MAYBE,5,2.1,NA,NA,NA,BQMJ01000052.1,Rhodophyta,Bangiophyceae,Galdieriales
cov_model_MRP,GCA_025991245.1,Galdieria_partita,Galdieriaceae,MAYBE,6,4.3,NA,NA,NA,BQMJ01000016.1,Rhodophyta,Bangiophyceae,Galdieriales
cov_model_MRP,GCA_025991245.1,Galdieria_partita,Galdieriaceae,MAYBE,7,4.3,NA,NA,NA,BQMJ01000058.1,Rhodophyta,Bangiophyceae,Galdieriales
cov_model_MRP,GCA_025991245.1,Galdieria_partita,Galdieriaceae,MAYBE,8,4.3,NA,NA,NA,BQMJ01000062.1,Rhodophyta,Bangiophyceae,Galdieriales
cov_model_MRP,GCA_025991245.1,Galdieria_partita,Galdieriaceae,MAYBE,9,4.3,NA,NA,NA,BQMJ01000074.1,Rhodophyta,Bangiophyceae,Galdieriales
cov_model_MRP,GCA_025991245.1,Galdieria_partita,Galdieriaceae,MAYBE,10,4.3,NA,NA,NA,BQMJ01000039.1,Rhodophyta,Bangiophyceae,Galdieriales
cov_model_MRP,GCA_025991245.1,Galdieria_partita,Galdieriaceae,MAYBE,11,4.3,NA,NA,NA,BQMJ01000073.1,Rhodophyta,Bangiophyceae,Galdieriales
