cov_model_U6,GCA_029953675.1,Rhodosorus_marinus,Stylonemataceae,NO HIT,0,NA,NA,NA,NA,NA,Rhodophyta,Stylonematophyceae,Stylonematales
cov_model_U6,GCA_029953675.1,Rhodosorus_marinus,Stylonemataceae,HIT,1,2.3e-21,TGCCTTGAAGATAGCATGTCATGGATTTCGTCGATCACTCCACACCACACCGCTCGAATCTAAACCCCAACCCTCAGGGGCACTCAACCCGACCAACCCTACGCTCGAAAAGCAGGACAGTCTGTAGAGGAACTAAAACCCACAATATAAATTTATATAACCACTCCAAGTTTATATATACTTGAAAGCCGCAAGTCGGTGTCCTTCGGGACATACGAAAAAATTGGAAAAATACAGAGAAGATTAGCATGGCCCCTGCGCAAGGATGACACGCTTAAGACGAGAAGATCCAATTACTTAAGCCGATTTAGACTAGATCAGTCAATATTAAGCCAATGAGATAGAAGTAAAACAACGATTTCGCCTCTTTATTGGTTATATTTTGACTGATCAATTCTTTATTACAAAAAAAAGGACCTGCCCCAAGTTGCCGTCCTGGGCTTCGGTTGTTTCGAGAAGAGGATGGCTAGGTCTTGACTGGCTTTTCGAAGGTCAGTGCTA,GUCC--UUCG--GGACAUACGAAAAAAUUGGAAAAAUACAGAGAAGAUUAGCAUGGCCCCUGCGCAAGGAUGACACGCUUAAGaCGAGAAGAUCCAAUUACUUAA,<<<<<______>>>>>:::::::::::::::::::::::::::::::::::::::::::::::::::::::::::::::::::.:::::::::::::::::::::,JAMWBK010000002.1,Rhodophyta,Stylonematophyceae,Stylonematales
cov_model_U6,GCA_029953675.1,Rhodosorus_marinus,Stylonemataceae,HIT,2,1.1e-18,AACATGCGTCCAATTATATCTGATTGGATCTCCCAATGGGATCTGGGGATTTTCTAGAATGGTTGTTTTACTGGTTTTTACTAAACATAGCCATATGCGCTACGCAAGATGTAAAAGGAAACTAGGGACCAGGGAGAAGAGCACGTAAGCCCAGGGGGCGGTGATGCGCCTCGGCGAGCGTGTTGCTAGAATACCGCTTTGTCCTTCGGGACATACGAAAAAATAGGAAAAATATAGAGAGGATTAGCATGGCCCCTGCGCAAGGATGACACGCTTAAGACGAGAAGATCCAATTACTTAAAAAGCTTCAGGCTATGCTAGTTTACTAAAGTCCAGTTTACTAAAGTCCAGTCCAGTTTACTTGGGTTTGCCACAAGCTCCGTGGCACTCTAATCGGCCGTCTTTCTGTCAGGGATGTGAGAGTCGGATCGATGCTTGTGGTTACCATTTCTTAGGTTCATGCGGACTGTTGAGAGGTCTTCGTACGAGGCGTCACACTCG,GUCC--UUCG--GGACAUACGAAAAAAUAGGAAAAAUAUAGAGAGGAUUAGCAUGGCCCCUGCGCAAGGAUGACACGCUUAAGaCGAGAAGAUCCAAUUACUUAA,<<<<<______>>>>>:::::::::::::::::::::::::::::::::::::::::::::::::::::::::::::::::::.:::::::::::::::::::::,JAMWBK010000004.1,Rhodophyta,Stylonematophyceae,Stylonematales
cov_model_U6,GCA_029953675.1,Rhodosorus_marinus,Stylonemataceae,MAYBE,1,0.089,NA,NA,NA,JAMWBK010000001.1,Rhodophyta,Stylonematophyceae,Stylonematales
cov_model_U6,GCA_029953675.1,Rhodosorus_marinus,Stylonemataceae,MAYBE,2,0.18,NA,NA,NA,JAMWBK010000010.1,Rhodophyta,Stylonematophyceae,Stylonematales
cov_model_U6,GCA_029953675.1,Rhodosorus_marinus,Stylonemataceae,MAYBE,3,1.2,NA,NA,NA,JAMWBK010000007.1,Rhodophyta,Stylonematophyceae,Stylonematales
cov_model_U6,GCA_029953675.1,Rhodosorus_marinus,Stylonemataceae,MAYBE,4,2.6,NA,NA,NA,JAMWBK010000001.1,Rhodophyta,Stylonematophyceae,Stylonematales
cov_model_U6,GCA_029953675.1,Rhodosorus_marinus,Stylonemataceae,MAYBE,5,3.9,NA,NA,NA,JAMWBK010000008.1,Rhodophyta,Stylonematophyceae,Stylonematales
cov_model_U6,GCA_029953675.1,Rhodosorus_marinus,Stylonemataceae,MAYBE,6,4.7,NA,NA,NA,JAMWBK010000003.1,Rhodophyta,Stylonematophyceae,Stylonematales
cov_model_U6,GCA_029953675.1,Rhodosorus_marinus,Stylonemataceae,MAYBE,7,5.3,NA,NA,NA,JAMWBK010000003.1,Rhodophyta,Stylonematophyceae,Stylonematales
cov_model_U6,GCA_029953675.1,Rhodosorus_marinus,Stylonemataceae,MAYBE,8,5.5,NA,NA,NA,JAMWBK010000009.1,Rhodophyta,Stylonematophyceae,Stylonematales
cov_model_U6,GCA_029953675.1,Rhodosorus_marinus,Stylonemataceae,MAYBE,9,5.6,NA,NA,NA,JAMWBK010000008.1,Rhodophyta,Stylonematophyceae,Stylonematales
cov_model_U6,GCA_029953675.1,Rhodosorus_marinus,Stylonemataceae,MAYBE,10,6.3,NA,NA,NA,JAMWBK010000007.1,Rhodophyta,Stylonematophyceae,Stylonematales
cov_model_U6,GCA_029953675.1,Rhodosorus_marinus,Stylonemataceae,MAYBE,11,8.7,NA,NA,NA,JAMWBK010000008.1,Rhodophyta,Stylonematophyceae,Stylonematales
cov_model_U6,GCA_029953675.1,Rhodosorus_marinus,Stylonemataceae,MAYBE,12,9.1,NA,NA,NA,JAMWBK010000004.1,Rhodophyta,Stylonematophyceae,Stylonematales
