model,GCA,gc,score,evalue,label,number,suma,mdl_from,ID,seq_from,seq_to,align_seq,model_seq,sec_struct,superkingdom,kingdom,phylum,class,order,family,genus,ScientificName
cov_model_insects,GCA_022817605.1,NA,NA,NA,NO HIT,0,0,NA,NA,NA,NA,NA,NA,NA,Eukaryota,Metazoa,Arthropoda,Insecta,Hymenoptera,Scelionidae,Calotelea,Calotelea_sp.
cov_model_insects,GCA_022817605.1,0.31,30.5,2.4e-5,HIT,1,2,1,JABFPA010060924.1,275,94,UCUAUUUCCGGAUACA-GACUUCCG-------..CACAAAG.AAGUC-UGGGCAAAACCUGUC-CAAAUUUUGUUCAAAUUUCCUUAUUAGAAUUAUUUuAAAUAUUC-----------------uu-------------------------a.uu-------------------------------uuuua--------------AAUAUUUGGUCAGU-UUCUGACCAGUUACAAGAGAGAUUAUCUGGGCA---GGAAAUUUUACC---------AUAAGUUGCUUGAAUUUU,aCGGauuuaCGaGUGGcGaaGauCGCuGCUAA..gGCCAAa.uCuuCACCGuugAAACCuaaCCCcAAUCUAGUUUuuAcguucuUuUAagaacUuUgu.UgcauuuagucauugugauguUAUA~~caucacaaugacGAaGaaaauuUGU~~~~aauuuuCuAUGuuCUuCuGGUUUUCuCGCCC~~~~~aGUcCCaGaUGaaAaaaugcucguCuucaUUaaGacgaGGaaaAAagGGUAUUCuCGGuaaguCCGuUUCUUUUucuGAuaUUuUACAaGGUAACCuGAuUUUU,"{{{{{{{{{{{{{,<<-<<<<<<-<<<_____..>>>--->.>>>>>->><<<<_____>>>>[[[,,,,,,,,,,,,,,<<<<<____>>>>>,,,,,.,((((((,<<<<<<<<<<<<_____~~>>>>>>>>>>>>,,<<<<<<<<___~~~~>>>>>>>>,,,<<<-<<<<<----<<_____~~~~~>>-->>>>>->>>,))))))<<<<<<<____>>>>>>>,,,,,,,,]]],,,,}}}}-}}}}}}}}}---------------------<<<___>>>:::::::",Eukaryota,Metazoa,Arthropoda,Insecta,Hymenoptera,Scelionidae,Calotelea,Calotelea_sp.
cov_model_insects,GCA_022817605.1,0.32,23.1,0.0055,HIT,2,2,6,JABFPA010012992.1,774,619,-----UUCCGGAUAUA-GACUUUCGCACAAA-guUGCCAAAgAAGUC-UGGACAAAACCUGUC-CAAAUUUUGUUCUAAUUUCCUUAUUAGAAUUAUUUuAAAUAUUC-----------------uu-------------------------acuu-------------------------------uu.ua--------------AAUAUUUGGUCAGU-UUCUGACCAGUUACAAGAGAGAUUAUCUGGCAG------------------------------------------,aCGGauuuaCGaGUGGcGaaGauCGCuGCUAA..gGCCAAa.uCuuCACCGuugAAACCuaaCCCcAAUCUAGUUUuuAcguucuUuUAagaacUuUgu.UgcauuuagucauugugauguUAUA~~caucacaaugacGAaGaaaauuUGU~~~~aauuuuCuAUGuuCUuCuGGUUUUCuCGCCC~~~~~aGUcCCaGaUGaaAaaaugcucguCuucaUUaaGacgaGGaaaAAagGGUAUUCuCGGuaaguCCGuUUCUUUUucuGAuaUUuUACAaGGUAACCuGAuUUUU,"{{{{{{{{{{{{{,<<-<<<<<<-<<<_____..>>>--->.>>>>>->><<<<_____>>>>[[[,,,,,,,,,,,,,,<<<<<____>>>>>,,,,,.,((((((,<<<<<<<<<<<<_____~~>>>>>>>>>>>>,,<<<<<<<<___~~~~>>>>>>>>,,,<<<-<<<<<----<<_____~~~~~>>-->>>>>->>>,))))))<<<<<<<____>>>>>>>,,,,,,,,]]],,,,}}}}-}}}}}}}}}---------------------<<<___>>>:::::::",Eukaryota,Metazoa,Arthropoda,Insecta,Hymenoptera,Scelionidae,Calotelea,Calotelea_sp.
cov_model_insects,GCA_022817605.1,0.37,19.9,0.056,MAYBE,1,48,NA,JABFPA010008882.1,352,59,NA,NA,NA,Eukaryota,Metazoa,Arthropoda,Insecta,Hymenoptera,Scelionidae,Calotelea,Calotelea_sp.
cov_model_insects,GCA_022817605.1,0.3,19.3,0.088,MAYBE,2,48,NA,JABFPA010000004.1,1947,1885,NA,NA,NA,Eukaryota,Metazoa,Arthropoda,Insecta,Hymenoptera,Scelionidae,Calotelea,Calotelea_sp.
cov_model_insects,GCA_022817605.1,0.43,19.2,0.095,MAYBE,3,48,NA,JABFPA010002963.1,1279,1327,NA,NA,NA,Eukaryota,Metazoa,Arthropoda,Insecta,Hymenoptera,Scelionidae,Calotelea,Calotelea_sp.
cov_model_insects,GCA_022817605.1,0.32,17.7,0.29,MAYBE,4,48,NA,JABFPA010080178.1,357,497,NA,NA,NA,Eukaryota,Metazoa,Arthropoda,Insecta,Hymenoptera,Scelionidae,Calotelea,Calotelea_sp.
cov_model_insects,GCA_022817605.1,0.3,17.1,0.46,MAYBE,5,48,NA,JABFPA010095114.1,407,311,NA,NA,NA,Eukaryota,Metazoa,Arthropoda,Insecta,Hymenoptera,Scelionidae,Calotelea,Calotelea_sp.
cov_model_insects,GCA_022817605.1,0.26,17,0.49,MAYBE,6,48,NA,JABFPA010000099.1,2292,2326,NA,NA,NA,Eukaryota,Metazoa,Arthropoda,Insecta,Hymenoptera,Scelionidae,Calotelea,Calotelea_sp.
cov_model_insects,GCA_022817605.1,0.4,17,0.49,MAYBE,7,48,NA,JABFPA010089987.1,121,213,NA,NA,NA,Eukaryota,Metazoa,Arthropoda,Insecta,Hymenoptera,Scelionidae,Calotelea,Calotelea_sp.
cov_model_insects,GCA_022817605.1,0.31,16.6,0.67,MAYBE,8,48,NA,JABFPA010036756.1,387,292,NA,NA,NA,Eukaryota,Metazoa,Arthropoda,Insecta,Hymenoptera,Scelionidae,Calotelea,Calotelea_sp.
cov_model_insects,GCA_022817605.1,0.38,16.5,0.7,MAYBE,9,48,NA,JABFPA010005163.1,357,269,NA,NA,NA,Eukaryota,Metazoa,Arthropoda,Insecta,Hymenoptera,Scelionidae,Calotelea,Calotelea_sp.
cov_model_insects,GCA_022817605.1,0.2,16.4,0.76,MAYBE,10,48,NA,JABFPA010001140.1,118,65,NA,NA,NA,Eukaryota,Metazoa,Arthropoda,Insecta,Hymenoptera,Scelionidae,Calotelea,Calotelea_sp.
cov_model_insects,GCA_022817605.1,0.33,16.1,0.94,MAYBE,11,48,NA,JABFPA010077784.1,259,212,NA,NA,NA,Eukaryota,Metazoa,Arthropoda,Insecta,Hymenoptera,Scelionidae,Calotelea,Calotelea_sp.
cov_model_insects,GCA_022817605.1,0.51,16.1,0.96,MAYBE,12,48,NA,JABFPA010017322.1,583,535,NA,NA,NA,Eukaryota,Metazoa,Arthropoda,Insecta,Hymenoptera,Scelionidae,Calotelea,Calotelea_sp.
cov_model_insects,GCA_022817605.1,0.24,15.9,1.1,MAYBE,13,48,NA,JABFPA010001775.1,532,487,NA,NA,NA,Eukaryota,Metazoa,Arthropoda,Insecta,Hymenoptera,Scelionidae,Calotelea,Calotelea_sp.
cov_model_insects,GCA_022817605.1,0.2,15.9,1.1,MAYBE,14,48,NA,JABFPA010093208.1,402,452,NA,NA,NA,Eukaryota,Metazoa,Arthropoda,Insecta,Hymenoptera,Scelionidae,Calotelea,Calotelea_sp.
cov_model_insects,GCA_022817605.1,0.19,15.8,1.2,MAYBE,15,48,NA,JABFPA010067212.1,387,434,NA,NA,NA,Eukaryota,Metazoa,Arthropoda,Insecta,Hymenoptera,Scelionidae,Calotelea,Calotelea_sp.
cov_model_insects,GCA_022817605.1,0.3,15.7,1.3,MAYBE,16,48,NA,JABFPA010076340.1,326,231,NA,NA,NA,Eukaryota,Metazoa,Arthropoda,Insecta,Hymenoptera,Scelionidae,Calotelea,Calotelea_sp.
cov_model_insects,GCA_022817605.1,0.3,15.5,1.5,MAYBE,17,48,NA,JABFPA010069480.1,338,381,NA,NA,NA,Eukaryota,Metazoa,Arthropoda,Insecta,Hymenoptera,Scelionidae,Calotelea,Calotelea_sp.
cov_model_insects,GCA_022817605.1,0.35,15.4,1.6,MAYBE,18,48,NA,JABFPA010111503.1,149,264,NA,NA,NA,Eukaryota,Metazoa,Arthropoda,Insecta,Hymenoptera,Scelionidae,Calotelea,Calotelea_sp.
cov_model_insects,GCA_022817605.1,0.3,15.4,1.6,MAYBE,19,48,NA,JABFPA010087217.1,164,245,NA,NA,NA,Eukaryota,Metazoa,Arthropoda,Insecta,Hymenoptera,Scelionidae,Calotelea,Calotelea_sp.
cov_model_insects,GCA_022817605.1,0.29,15.3,1.7,MAYBE,20,48,NA,JABFPA010028704.1,321,385,NA,NA,NA,Eukaryota,Metazoa,Arthropoda,Insecta,Hymenoptera,Scelionidae,Calotelea,Calotelea_sp.
cov_model_insects,GCA_022817605.1,0.29,15.2,1.9,MAYBE,21,48,NA,JABFPA010038422.1,666,633,NA,NA,NA,Eukaryota,Metazoa,Arthropoda,Insecta,Hymenoptera,Scelionidae,Calotelea,Calotelea_sp.
cov_model_insects,GCA_022817605.1,0.33,15.1,2,MAYBE,22,48,NA,JABFPA010057727.1,1,92,NA,NA,NA,Eukaryota,Metazoa,Arthropoda,Insecta,Hymenoptera,Scelionidae,Calotelea,Calotelea_sp.
cov_model_insects,GCA_022817605.1,0.31,15,2.1,MAYBE,23,48,NA,JABFPA010095441.1,282,229,NA,NA,NA,Eukaryota,Metazoa,Arthropoda,Insecta,Hymenoptera,Scelionidae,Calotelea,Calotelea_sp.
cov_model_insects,GCA_022817605.1,0.22,15,2.2,MAYBE,24,48,NA,JABFPA010058464.1,397,475,NA,NA,NA,Eukaryota,Metazoa,Arthropoda,Insecta,Hymenoptera,Scelionidae,Calotelea,Calotelea_sp.
cov_model_insects,GCA_022817605.1,0.27,14.9,2.3,MAYBE,25,48,NA,JABFPA010071333.1,309,217,NA,NA,NA,Eukaryota,Metazoa,Arthropoda,Insecta,Hymenoptera,Scelionidae,Calotelea,Calotelea_sp.
cov_model_insects,GCA_022817605.1,0.4,14.6,2.8,MAYBE,26,48,NA,JABFPA010036547.1,310,379,NA,NA,NA,Eukaryota,Metazoa,Arthropoda,Insecta,Hymenoptera,Scelionidae,Calotelea,Calotelea_sp.
cov_model_insects,GCA_022817605.1,0.25,14.4,3.3,MAYBE,27,48,NA,JABFPA010018721.1,243,294,NA,NA,NA,Eukaryota,Metazoa,Arthropoda,Insecta,Hymenoptera,Scelionidae,Calotelea,Calotelea_sp.
cov_model_insects,GCA_022817605.1,0.41,14.4,3.4,MAYBE,28,48,NA,JABFPA010100640.1,158,250,NA,NA,NA,Eukaryota,Metazoa,Arthropoda,Insecta,Hymenoptera,Scelionidae,Calotelea,Calotelea_sp.
cov_model_insects,GCA_022817605.1,0.32,14.4,3.5,MAYBE,29,48,NA,JABFPA010001860.1,1204,1309,NA,NA,NA,Eukaryota,Metazoa,Arthropoda,Insecta,Hymenoptera,Scelionidae,Calotelea,Calotelea_sp.
cov_model_insects,GCA_022817605.1,0.39,14.2,3.8,MAYBE,30,48,NA,JABFPA010001474.1,276,329,NA,NA,NA,Eukaryota,Metazoa,Arthropoda,Insecta,Hymenoptera,Scelionidae,Calotelea,Calotelea_sp.
cov_model_insects,GCA_022817605.1,0.32,14.2,3.9,MAYBE,31,48,NA,JABFPA010099050.1,340,405,NA,NA,NA,Eukaryota,Metazoa,Arthropoda,Insecta,Hymenoptera,Scelionidae,Calotelea,Calotelea_sp.
cov_model_insects,GCA_022817605.1,0.25,14.2,3.9,MAYBE,32,48,NA,JABFPA010088011.1,114,50,NA,NA,NA,Eukaryota,Metazoa,Arthropoda,Insecta,Hymenoptera,Scelionidae,Calotelea,Calotelea_sp.
cov_model_insects,GCA_022817605.1,0.34,14.1,4.1,MAYBE,33,48,NA,JABFPA010007324.1,1,109,NA,NA,NA,Eukaryota,Metazoa,Arthropoda,Insecta,Hymenoptera,Scelionidae,Calotelea,Calotelea_sp.
cov_model_insects,GCA_022817605.1,0.3,14.1,4.2,MAYBE,34,48,NA,JABFPA010042017.1,374,439,NA,NA,NA,Eukaryota,Metazoa,Arthropoda,Insecta,Hymenoptera,Scelionidae,Calotelea,Calotelea_sp.
cov_model_insects,GCA_022817605.1,0.17,14.1,4.2,MAYBE,35,48,NA,JABFPA010093208.1,266,313,NA,NA,NA,Eukaryota,Metazoa,Arthropoda,Insecta,Hymenoptera,Scelionidae,Calotelea,Calotelea_sp.
cov_model_insects,GCA_022817605.1,0.36,14,4.4,MAYBE,36,48,NA,JABFPA010082640.1,1,149,NA,NA,NA,Eukaryota,Metazoa,Arthropoda,Insecta,Hymenoptera,Scelionidae,Calotelea,Calotelea_sp.
cov_model_insects,GCA_022817605.1,0.33,13.9,5,MAYBE,37,48,NA,JABFPA010101104.1,448,319,NA,NA,NA,Eukaryota,Metazoa,Arthropoda,Insecta,Hymenoptera,Scelionidae,Calotelea,Calotelea_sp.
cov_model_insects,GCA_022817605.1,0.39,13.8,5.1,MAYBE,38,48,NA,JABFPA010050008.1,144,222,NA,NA,NA,Eukaryota,Metazoa,Arthropoda,Insecta,Hymenoptera,Scelionidae,Calotelea,Calotelea_sp.
cov_model_insects,GCA_022817605.1,0.32,13.8,5.2,MAYBE,39,48,NA,JABFPA010000141.1,426,269,NA,NA,NA,Eukaryota,Metazoa,Arthropoda,Insecta,Hymenoptera,Scelionidae,Calotelea,Calotelea_sp.
cov_model_insects,GCA_022817605.1,0.31,13.5,6.4,MAYBE,40,48,NA,JABFPA010066549.1,181,114,NA,NA,NA,Eukaryota,Metazoa,Arthropoda,Insecta,Hymenoptera,Scelionidae,Calotelea,Calotelea_sp.
cov_model_insects,GCA_022817605.1,0.27,13.3,7.4,MAYBE,41,48,NA,JABFPA010026078.1,437,553,NA,NA,NA,Eukaryota,Metazoa,Arthropoda,Insecta,Hymenoptera,Scelionidae,Calotelea,Calotelea_sp.
cov_model_insects,GCA_022817605.1,0.36,13.3,7.4,MAYBE,42,48,NA,JABFPA010091724.1,18,205,NA,NA,NA,Eukaryota,Metazoa,Arthropoda,Insecta,Hymenoptera,Scelionidae,Calotelea,Calotelea_sp.
cov_model_insects,GCA_022817605.1,0.25,13.3,7.6,MAYBE,43,48,NA,JABFPA010095718.1,298,358,NA,NA,NA,Eukaryota,Metazoa,Arthropoda,Insecta,Hymenoptera,Scelionidae,Calotelea,Calotelea_sp.
cov_model_insects,GCA_022817605.1,0.34,13.2,8.4,MAYBE,44,48,NA,JABFPA010110069.1,13,130,NA,NA,NA,Eukaryota,Metazoa,Arthropoda,Insecta,Hymenoptera,Scelionidae,Calotelea,Calotelea_sp.
cov_model_insects,GCA_022817605.1,0.27,13.1,8.6,MAYBE,45,48,NA,JABFPA010015133.1,735,807,NA,NA,NA,Eukaryota,Metazoa,Arthropoda,Insecta,Hymenoptera,Scelionidae,Calotelea,Calotelea_sp.
cov_model_insects,GCA_022817605.1,0.28,13.1,8.6,MAYBE,46,48,NA,JABFPA010032262.1,376,489,NA,NA,NA,Eukaryota,Metazoa,Arthropoda,Insecta,Hymenoptera,Scelionidae,Calotelea,Calotelea_sp.
cov_model_insects,GCA_022817605.1,0.29,13.1,8.8,MAYBE,47,48,NA,JABFPA010013242.1,190,47,NA,NA,NA,Eukaryota,Metazoa,Arthropoda,Insecta,Hymenoptera,Scelionidae,Calotelea,Calotelea_sp.
cov_model_insects,GCA_022817605.1,0.39,13,9.2,MAYBE,48,48,NA,JABFPA010046719.1,303,238,NA,NA,NA,Eukaryota,Metazoa,Arthropoda,Insecta,Hymenoptera,Scelionidae,Calotelea,Calotelea_sp.
