model,GCA,name,family,label,number,evalue,extended_genomic_region,infernal_seq,sec_struct,ID,phylum,class,order
cov_model_bombus,GCA_022817605.1,Calotelea_sp.,Scelionidae,NO HIT,0,NA,NA,NA,NA,NA,Arthropoda,Insecta,Hymenoptera
cov_model_bombus,GCA_022817605.1,Calotelea_sp.,Scelionidae,HIT,1,2.4e-5,CTTTCAACAATCACCTTAGGGCCCAGAAACCAAATCAAAAACCAACAATTTGCCCAGATTTTCCAGATAAATACTGGCACTGATTTCTCATAGATGTTTACTTCGCGTCGGTAAAGTAGGGATCTTATCTTGATCAAAATCAAGTCAGTGAAAAGACTTTGTAACAAAGTCATACCTCGGCCAGTAATTAATACAGTTTTTCTATTTCCGGATACAGACTTCCGCACAAAGAAGTCTGGGCAAAACCTGTCCAAATTTTGTTCAAATTTCCTTATTAGAATTATTTTAAATATTCTTATTTTTTAAATATTTGGTCAGTTTCTGACCAGTTACAAGAGAGATTATCTGGGCAGGAAATTTTACCATAAGTTGCTTGAATTTTAGTTAAAAATCTTTTATAAATAAAAATAATTTTTTTTAATTAAAAAATCTAATCATGTTTTGGCATGAACTTAATCAGTATCTGGCCACGAAG,UCUAUUUCCGGAUACA-GACUUCCG-------..CACAAAG.AAGUC-UGGGCAAAACCUGUC-CAAAUUUUGUUCAAAUUUCCUUAUUAGAAUUAUUUuAAAUAUUC-----------------uu-------------------------a.uu-------------------------------uuuua--------------AAUAUUUGGUCAGU-UUCUGACCAGUUACAAGAGAGAUUAUCUGGGCA---GGAAAUUUUACC---------AUAAGUUGCUUGAAUUUU,"{{{{{{{{{{{{{,<<-<<<<<<-<<<_____..>>>--->.>>>>>->><<<<_____>>>>[[[,,,,,,,,,,,,,,<<<<<____>>>>>,,,,,.,((((((,<<<<<<<<<<<<_____~~>>>>>>>>>>>>,,<<<<<<<<___~~~~>>>>>>>>,,,<<<-<<<<<----<<_____~~~~~>>-->>>>>->>>,))))))<<<<<<<____>>>>>>>,,,,,,,,]]],,,,}}}}-}}}}}}}}}---------------------<<<___>>>:::::::",JABFPA010060924.1,Arthropoda,Insecta,Hymenoptera
cov_model_bombus,GCA_022817605.1,Calotelea_sp.,Scelionidae,HIT,2,0.0055,AAAATATTTCGACACAGAAATTCTAACAACAAATTGACTTTTATCTGGCCAGAACGAGTTTTCATTTCAGCCACCATTTTCAAAAAAAAATCTCTGATCATATCTCGATCAAAATTAAACCAGTAAAAAGATTTTGCAACAAAGTCATAATACACTGACCAGTAACTGATACGATTTTCTTCTTTCCGGATATAGACTTTCGCACAAAGTTGCCAAAGAAGTCTGGACAAAACCTGTCCAAATTTTGTTCTAATTTCCTTATTAGAATTATTTTAAATATTCTTACTTTTTAAATATTTGGTCAGTTTCTGACCAGTTACAAGAGAGATTATCTGGCAGGAAACTTGACAATAATTTGCTTGAATTTTAGTAGAAAATTTTTCATAAATAAAAATATTTTTTTTAATTACAAAATCTGGTCATATTTTGGCATGCACCTGATCAGTATCTGGCCAGGAAGATCAGGAAATCTGTCATTTAGCGTCACATTTTTGGCCCTTTTCTGGCCAGGTTCCCGGTCAGTATCTGGCCAAATTTTT,-----UUCCGGAUAUA-GACUUUCGCACAAA-guUGCCAAAgAAGUC-UGGACAAAACCUGUC-CAAAUUUUGUUCUAAUUUCCUUAUUAGAAUUAUUUuAAAUAUUC-----------------uu-------------------------acuu-------------------------------uu.ua--------------AAUAUUUGGUCAGU-UUCUGACCAGUUACAAGAGAGAUUAUCUGGCAG------------------------------------------,"{{{{{{{{{{{{{,<<-<<<<<<-<<<_____..>>>--->.>>>>>->><<<<_____>>>>[[[,,,,,,,,,,,,,,<<<<<____>>>>>,,,,,.,((((((,<<<<<<<<<<<<_____~~>>>>>>>>>>>>,,<<<<<<<<___~~~~>>>>>>>>,,,<<<-<<<<<----<<_____~~~~~>>-->>>>>->>>,))))))<<<<<<<____>>>>>>>,,,,,,,,]]],,,,}}}}-}}}}}}}}}---------------------<<<___>>>:::::::",JABFPA010012992.1,Arthropoda,Insecta,Hymenoptera
cov_model_bombus,GCA_022817605.1,Calotelea_sp.,Scelionidae,MAYBE,1,0.056,CTTTCAACAATCACCTTAGGGCCCAGAAACCAAATCAAAAACCAACAATTTGCCCAGATTTTCCAGATAAATACTGGCACTGATTTCTCATAGATGTTTACTTCGCGTCGGTAAAGTAGGGATCTTATCTTGATCAAAATCAAGTCAGTGAAAAGACTTTGTAACAAAGTCATACCTCGGCCAGTAATTAATACAGTTTTTCTATTTCCGGATACAGACTTCCGCACAAAGAAGTCTGGGCAAAACCTGTCCAAATTTTGTTCAAATTTCCTTATTAGAATTATTTTAAATATTCTTATTTTTTAAATATTTGGTCAGTTTCTGACCAGTTACAAGAGAGATTATCTGGGCAGGAAATTTTACCATAAGTTGCTTGAATTTTAGTTAAAAATCTTTTATAAATAAAAATAATTTTTTTTAATTAAAAAATCTAATCATGTTTTGGCATGAACTTAATCAGTATCTGGCCACGAAG,NA,NA,JABFPA010008882.1,Arthropoda,Insecta,Hymenoptera
cov_model_bombus,GCA_022817605.1,Calotelea_sp.,Scelionidae,MAYBE,2,0.088,AAAATATTTCGACACAGAAATTCTAACAACAAATTGACTTTTATCTGGCCAGAACGAGTTTTCATTTCAGCCACCATTTTCAAAAAAAAATCTCTGATCATATCTCGATCAAAATTAAACCAGTAAAAAGATTTTGCAACAAAGTCATAATACACTGACCAGTAACTGATACGATTTTCTTCTTTCCGGATATAGACTTTCGCACAAAGTTGCCAAAGAAGTCTGGACAAAACCTGTCCAAATTTTGTTCTAATTTCCTTATTAGAATTATTTTAAATATTCTTACTTTTTAAATATTTGGTCAGTTTCTGACCAGTTACAAGAGAGATTATCTGGCAGGAAACTTGACAATAATTTGCTTGAATTTTAGTAGAAAATTTTTCATAAATAAAAATATTTTTTTTAATTACAAAATCTGGTCATATTTTGGCATGCACCTGATCAGTATCTGGCCAGGAAGATCAGGAAATCTGTCATTTAGCGTCACATTTTTGGCCCTTTTCTGGCCAGGTTCCCGGTCAGTATCTGGCCAAATTTTT,NA,NA,JABFPA010000004.1,Arthropoda,Insecta,Hymenoptera
cov_model_bombus,GCA_022817605.1,Calotelea_sp.,Scelionidae,MAYBE,3,0.095,NA,NA,NA,JABFPA010002963.1,Arthropoda,Insecta,Hymenoptera
cov_model_bombus,GCA_022817605.1,Calotelea_sp.,Scelionidae,MAYBE,4,0.29,NA,NA,NA,JABFPA010080178.1,Arthropoda,Insecta,Hymenoptera
cov_model_bombus,GCA_022817605.1,Calotelea_sp.,Scelionidae,MAYBE,5,0.46,NA,NA,NA,JABFPA010095114.1,Arthropoda,Insecta,Hymenoptera
cov_model_bombus,GCA_022817605.1,Calotelea_sp.,Scelionidae,MAYBE,6,0.49,NA,NA,NA,JABFPA010000099.1,Arthropoda,Insecta,Hymenoptera
cov_model_bombus,GCA_022817605.1,Calotelea_sp.,Scelionidae,MAYBE,7,0.49,NA,NA,NA,JABFPA010089987.1,Arthropoda,Insecta,Hymenoptera
cov_model_bombus,GCA_022817605.1,Calotelea_sp.,Scelionidae,MAYBE,8,0.67,NA,NA,NA,JABFPA010036756.1,Arthropoda,Insecta,Hymenoptera
cov_model_bombus,GCA_022817605.1,Calotelea_sp.,Scelionidae,MAYBE,9,0.7,NA,NA,NA,JABFPA010005163.1,Arthropoda,Insecta,Hymenoptera
cov_model_bombus,GCA_022817605.1,Calotelea_sp.,Scelionidae,MAYBE,10,0.76,NA,NA,NA,JABFPA010001140.1,Arthropoda,Insecta,Hymenoptera
cov_model_bombus,GCA_022817605.1,Calotelea_sp.,Scelionidae,MAYBE,11,0.94,NA,NA,NA,JABFPA010077784.1,Arthropoda,Insecta,Hymenoptera
cov_model_bombus,GCA_022817605.1,Calotelea_sp.,Scelionidae,MAYBE,12,0.96,NA,NA,NA,JABFPA010017322.1,Arthropoda,Insecta,Hymenoptera
cov_model_bombus,GCA_022817605.1,Calotelea_sp.,Scelionidae,MAYBE,13,1.1,NA,NA,NA,JABFPA010001775.1,Arthropoda,Insecta,Hymenoptera
cov_model_bombus,GCA_022817605.1,Calotelea_sp.,Scelionidae,MAYBE,14,1.1,NA,NA,NA,JABFPA010093208.1,Arthropoda,Insecta,Hymenoptera
cov_model_bombus,GCA_022817605.1,Calotelea_sp.,Scelionidae,MAYBE,15,1.2,NA,NA,NA,JABFPA010067212.1,Arthropoda,Insecta,Hymenoptera
cov_model_bombus,GCA_022817605.1,Calotelea_sp.,Scelionidae,MAYBE,16,1.3,NA,NA,NA,JABFPA010076340.1,Arthropoda,Insecta,Hymenoptera
cov_model_bombus,GCA_022817605.1,Calotelea_sp.,Scelionidae,MAYBE,17,1.5,NA,NA,NA,JABFPA010069480.1,Arthropoda,Insecta,Hymenoptera
cov_model_bombus,GCA_022817605.1,Calotelea_sp.,Scelionidae,MAYBE,18,1.6,NA,NA,NA,JABFPA010111503.1,Arthropoda,Insecta,Hymenoptera
cov_model_bombus,GCA_022817605.1,Calotelea_sp.,Scelionidae,MAYBE,19,1.6,NA,NA,NA,JABFPA010087217.1,Arthropoda,Insecta,Hymenoptera
cov_model_bombus,GCA_022817605.1,Calotelea_sp.,Scelionidae,MAYBE,20,1.7,NA,NA,NA,JABFPA010028704.1,Arthropoda,Insecta,Hymenoptera
cov_model_bombus,GCA_022817605.1,Calotelea_sp.,Scelionidae,MAYBE,21,1.9,NA,NA,NA,JABFPA010038422.1,Arthropoda,Insecta,Hymenoptera
cov_model_bombus,GCA_022817605.1,Calotelea_sp.,Scelionidae,MAYBE,22,2,NA,NA,NA,JABFPA010057727.1,Arthropoda,Insecta,Hymenoptera
cov_model_bombus,GCA_022817605.1,Calotelea_sp.,Scelionidae,MAYBE,23,2.1,NA,NA,NA,JABFPA010095441.1,Arthropoda,Insecta,Hymenoptera
cov_model_bombus,GCA_022817605.1,Calotelea_sp.,Scelionidae,MAYBE,24,2.2,NA,NA,NA,JABFPA010058464.1,Arthropoda,Insecta,Hymenoptera
cov_model_bombus,GCA_022817605.1,Calotelea_sp.,Scelionidae,MAYBE,25,2.3,NA,NA,NA,JABFPA010071333.1,Arthropoda,Insecta,Hymenoptera
cov_model_bombus,GCA_022817605.1,Calotelea_sp.,Scelionidae,MAYBE,26,2.8,NA,NA,NA,JABFPA010036547.1,Arthropoda,Insecta,Hymenoptera
cov_model_bombus,GCA_022817605.1,Calotelea_sp.,Scelionidae,MAYBE,27,3.3,NA,NA,NA,JABFPA010018721.1,Arthropoda,Insecta,Hymenoptera
cov_model_bombus,GCA_022817605.1,Calotelea_sp.,Scelionidae,MAYBE,28,3.4,NA,NA,NA,JABFPA010100640.1,Arthropoda,Insecta,Hymenoptera
cov_model_bombus,GCA_022817605.1,Calotelea_sp.,Scelionidae,MAYBE,29,3.5,NA,NA,NA,JABFPA010001860.1,Arthropoda,Insecta,Hymenoptera
cov_model_bombus,GCA_022817605.1,Calotelea_sp.,Scelionidae,MAYBE,30,3.8,NA,NA,NA,JABFPA010001474.1,Arthropoda,Insecta,Hymenoptera
cov_model_bombus,GCA_022817605.1,Calotelea_sp.,Scelionidae,MAYBE,31,3.9,NA,NA,NA,JABFPA010099050.1,Arthropoda,Insecta,Hymenoptera
cov_model_bombus,GCA_022817605.1,Calotelea_sp.,Scelionidae,MAYBE,32,3.9,NA,NA,NA,JABFPA010088011.1,Arthropoda,Insecta,Hymenoptera
cov_model_bombus,GCA_022817605.1,Calotelea_sp.,Scelionidae,MAYBE,33,4.1,NA,NA,NA,JABFPA010007324.1,Arthropoda,Insecta,Hymenoptera
cov_model_bombus,GCA_022817605.1,Calotelea_sp.,Scelionidae,MAYBE,34,4.2,NA,NA,NA,JABFPA010042017.1,Arthropoda,Insecta,Hymenoptera
cov_model_bombus,GCA_022817605.1,Calotelea_sp.,Scelionidae,MAYBE,35,4.2,NA,NA,NA,JABFPA010093208.1,Arthropoda,Insecta,Hymenoptera
cov_model_bombus,GCA_022817605.1,Calotelea_sp.,Scelionidae,MAYBE,36,4.4,NA,NA,NA,JABFPA010082640.1,Arthropoda,Insecta,Hymenoptera
cov_model_bombus,GCA_022817605.1,Calotelea_sp.,Scelionidae,MAYBE,37,5,NA,NA,NA,JABFPA010101104.1,Arthropoda,Insecta,Hymenoptera
cov_model_bombus,GCA_022817605.1,Calotelea_sp.,Scelionidae,MAYBE,38,5.1,NA,NA,NA,JABFPA010050008.1,Arthropoda,Insecta,Hymenoptera
cov_model_bombus,GCA_022817605.1,Calotelea_sp.,Scelionidae,MAYBE,39,5.2,NA,NA,NA,JABFPA010000141.1,Arthropoda,Insecta,Hymenoptera
cov_model_bombus,GCA_022817605.1,Calotelea_sp.,Scelionidae,MAYBE,40,6.4,NA,NA,NA,JABFPA010066549.1,Arthropoda,Insecta,Hymenoptera
cov_model_bombus,GCA_022817605.1,Calotelea_sp.,Scelionidae,MAYBE,41,7.4,NA,NA,NA,JABFPA010026078.1,Arthropoda,Insecta,Hymenoptera
cov_model_bombus,GCA_022817605.1,Calotelea_sp.,Scelionidae,MAYBE,42,7.4,NA,NA,NA,JABFPA010091724.1,Arthropoda,Insecta,Hymenoptera
cov_model_bombus,GCA_022817605.1,Calotelea_sp.,Scelionidae,MAYBE,43,7.6,NA,NA,NA,JABFPA010095718.1,Arthropoda,Insecta,Hymenoptera
cov_model_bombus,GCA_022817605.1,Calotelea_sp.,Scelionidae,MAYBE,44,8.4,NA,NA,NA,JABFPA010110069.1,Arthropoda,Insecta,Hymenoptera
cov_model_bombus,GCA_022817605.1,Calotelea_sp.,Scelionidae,MAYBE,45,8.6,NA,NA,NA,JABFPA010015133.1,Arthropoda,Insecta,Hymenoptera
cov_model_bombus,GCA_022817605.1,Calotelea_sp.,Scelionidae,MAYBE,46,8.6,NA,NA,NA,JABFPA010032262.1,Arthropoda,Insecta,Hymenoptera
cov_model_bombus,GCA_022817605.1,Calotelea_sp.,Scelionidae,MAYBE,47,8.8,NA,NA,NA,JABFPA010013242.1,Arthropoda,Insecta,Hymenoptera
cov_model_bombus,GCA_022817605.1,Calotelea_sp.,Scelionidae,MAYBE,48,9.2,NA,NA,NA,JABFPA010046719.1,Arthropoda,Insecta,Hymenoptera
